a,b,opening_id,opening,a_first,winner,score_a,plies,moves,a_ms,b_ms,a_max_ms,b_max_ms,forfeit,seed
bruneton_az,plkmo_az,0,71,0,bruneton_az,1.0,26,71455544247254413322331321,341.61,2056.33,470.7,2219.5,,1450903132
bruneton_az,plkmo_az,0,71,1,bruneton_az,1.0,27,714554455754421114653773366,388.44,2075.93,484.2,2201.9,,1506581446
bruneton_az,plkmo_az,1,643,1,bruneton_az,1.0,15,643444333414655,458.12,2192.32,613.4,2679.7,,297190317
bruneton_az,plkmo_az,1,643,0,bruneton_az,1.0,16,6434444366162221,446.41,2229.05,748.6,2365.9,,841753965
bruneton_az,plkmo_az,2,232,1,bruneton_az,1.0,7,2323242,234.22,2225.34,428.7,2554.6,,2096358942
bruneton_az,plkmo_az,3,262,1,bruneton_az,1.0,11,26254444262,324.86,2102.26,543.1,2222.0,,764853613
bruneton_az,plkmo_az,2,232,0,bruneton_az,1.0,18,232232131376363676,442.0,2108.27,627.1,2191.0,,1252347042
plkmo_az,alfo_mcts,0,71,1,alfo_mcts,0.0,22,7145543445635373345222,2151.49,1000.93,2476.8,1640.1,,1318956586
bruneton_az,plkmo_az,3,262,0,bruneton_az,1.0,34,2623325375636632555563462277171444,343.96,2144.63,554.1,2495.6,,1267938957
plkmo_az,alfo_mcts,0,71,0,alfo_mcts,0.0,15,714544557254747,2512.2,1331.08,4010.1,2635.8,,636180959
plkmo_az,alfo_mcts,1,643,1,alfo_mcts,0.0,18,643443466441313355,2504.75,1115.57,3978.2,2978.3,,927020737
plkmo_az,alfo_mcts,2,232,1,alfo_mcts,0.0,14,23223213355654,2100.07,954.11,2258.1,1679.0,,668647252
plkmo_az,alfo_mcts,1,643,0,alfo_mcts,0.0,15,643444333414655,2139.49,1057.32,2215.7,1643.9,,1008591406
plkmo_az,alfo_mcts,2,232,0,alfo_mcts,0.0,9,232335242,2002.76,851.16,2167.6,1304.8,,1715507858
plkmo_az,alfo_mcts,3,262,0,alfo_mcts,0.0,9,262544341,1977.64,849.87,2078.7,1318.5,,747964524
plkmo_az,alfo_mcts,3,262,1,alfo_mcts,0.0,22,2624375474425554775733,2064.37,931.87,2251.5,1342.6,,1161460041
bruneton_az,alfo_mcts,0,71,1,draw,0.5,42,714554455172226232275441147775116666633333,324.29,694.08,611.9,1424.0,,240223870
bruneton_az,alfo_mcts,0,71,0,bruneton_az,1.0,38,71454454744577511155771122666633333322,445.64,931.32,887.6,1768.0,,1740346092
bruneton_az,alfo_mcts,1,643,1,bruneton_az,1.0,37,6434436644333111165364677222277112255,404.37,1091.79,875.6,2415.4,,1274242787
bruneton_az,alfo_mcts,1,643,0,bruneton_az,1.0,36,643444333614143666111173762277772255,468.03,960.75,924.8,1552.3,,1714935179
bruneton_az,alfo_mcts,2,232,1,alfo_mcts,0.0,34,2324433232335525555144477772774111,476.49,1021.15,823.7,2239.8,,908514196
bruneton_az,alfo_mcts,3,262,1,alfo_mcts,0.0,8,26244537,358.94,584.93,489.7,1282.0,,887659530
bruneton_az,alfo_mcts,2,232,0,bruneton_az,1.0,38,23225333235576536576776511664411114444,366.52,787.33,506.6,1471.3,,500062516
bruneton_az,alfo_mcts,3,262,0,bruneton_az,1.0,38,26234446224414166777553363337677111122,366.83,645.53,760.5,1384.7,,1249972837
pons_perfect,plkmo_az,0,71,1,pons_perfect,1.0,21,714572244545545345233,38.07,2197.39,218.8,2428.0,,6189830
pons_perfect,plkmo_az,0,71,0,pons_perfect,1.0,14,71445655644366,109.88,2088.42,349.9,2175.0,,70474991
pons_perfect,plkmo_az,1,643,1,pons_perfect,1.0,13,6434444233355,168.74,2174.11,438.9,2266.2,,783736044
pons_perfect,plkmo_az,2,232,1,pons_perfect,1.0,7,2323242,54.41,2059.68,108.4,2060.3,,1783678025
pons_perfect,plkmo_az,1,643,0,pons_perfect,1.0,16,6434444433535363,79.58,2068.91,297.1,2116.4,,1918098058
pons_perfect,plkmo_az,3,262,1,pons_perfect,1.0,11,26254444262,90.45,2075.74,242.6,2109.0,,53553277
pons_perfect,plkmo_az,2,232,0,pons_perfect,1.0,14,23223333267445,125.67,2144.47,458.2,2304.7,,1627432799
pons_perfect,plkmo_az,3,262,0,pons_perfect,1.0,12,262333735353,120.86,2070.61,336.1,2115.3,,1157681241
plkmo_az,galli_minimax,0,71,1,galli_minimax,0.0,14,71445654556454,2070.82,236.77,2115.2,358.0,,1995987480
plkmo_az,galli_minimax,1,643,1,galli_minimax,0.0,16,6434544375721132,2057.83,182.74,2164.1,395.2,,496196205
plkmo_az,galli_minimax,0,71,0,galli_minimax,0.0,29,71454444575775141117152527262,2096.89,175.92,2211.3,552.9,,1892351183
plkmo_az,galli_minimax,1,643,0,galli_minimax,0.0,21,643444333442236265256,2032.63,143.8,2126.3,236.9,,1312917869
plkmo_az,galli_minimax,2,232,1,galli_minimax,0.0,20,23223332444241713151,2092.49,120.35,2270.7,342.5,,116686451
plkmo_az,galli_minimax,2,232,0,galli_minimax,0.0,15,232335455424132,2156.19,106.43,2205.0,224.9,,353152328
plkmo_az,galli_minimax,3,262,1,galli_minimax,0.0,14,26243454453533,2163.93,241.69,2350.5,460.7,,171014193
plkmo_az,easyai_negamax,0,71,1,easyai_negamax,0.0,10,7141564171,2179.27,157.01,2237.9,340.0,,1401139079
plkmo_az,galli_minimax,3,262,0,galli_minimax,0.0,17,26254444261414161,2137.39,64.09,2271.8,157.7,,1319824211
plkmo_az,easyai_negamax,1,643,1,easyai_negamax,0.0,10,6431414141,2107.75,106.95,2153.3,134.8,,2014548824
plkmo_az,easyai_negamax,1,643,0,easyai_negamax,0.0,13,6434144416151,2083.35,116.4,2170.4,189.6,,851574350
plkmo_az,easyai_negamax,0,71,0,easyai_negamax,0.0,21,711511142415244554252,2113.27,99.07,2236.6,150.8,,874587513
plkmo_az,easyai_negamax,2,232,1,easyai_negamax,0.0,10,2321313171,2092.37,112.54,2127.9,131.7,,1345677888
plkmo_az,easyai_negamax,3,262,1,easyai_negamax,0.0,12,262141355151,2173.84,133.89,2294.1,195.4,,64291362
plkmo_az,easyai_negamax,2,232,0,easyai_negamax,0.0,17,23231335111464445,2098.51,200.84,2194.0,304.6,,1101959701
plkmo_az,kaggle_negamax,0,71,1,kaggle_negamax,0.0,14,71475657324747,2021.21,27.34,2150.4,56.9,,1938185687
plkmo_az,easyai_negamax,3,262,0,easyai_negamax,0.0,17,26252236147542123,2002.2,211.64,2120.2,659.3,,411905153
plkmo_az,kaggle_negamax,0,71,0,kaggle_negamax,0.0,9,715475747,2058.68,48.7,2158.4,71.9,,2040533988
plkmo_az,kaggle_negamax,1,643,1,kaggle_negamax,0.0,18,643767354555334747,2090.19,32.45,2239.5,75.5,,177224326
plkmo_az,kaggle_negamax,2,232,1,kaggle_negamax,0.0,10,2326373554,2008.1,41.26,2059.8,63.9,,731056104
plkmo_az,kaggle_negamax,1,643,0,kaggle_negamax,0.0,27,643414446646656155155511233,2112.82,24.36,2252.0,69.5,,926421288
plkmo_az,kaggle_negamax,2,232,0,kaggle_negamax,0.0,31,2323646662733651657514425454427,2037.25,31.24,2278.6,69.8,,688730741
plkmo_az,kaggle_negamax,3,262,0,kaggle_negamax,0.0,13,2625767434747,2021.06,29.82,2129.1,55.4,,410955677
plkmo_az,kaggle_negamax,3,262,1,plkmo_az,1.0,35,26274343642266363733414151167755555,2020.78,27.39,2195.5,85.3,,402607027
plkmo_az,ours_minimax_d4,0,71,1,ours_minimax_d4,0.0,16,7144565564463277,2056.21,1.41,2149.1,2.0,,1306601044
plkmo_az,ours_minimax_d4,0,71,0,ours_minimax_d4,0.0,17,71454444725251575,2058.98,1.58,2167.1,2.5,,2098277784
plkmo_az,ours_minimax_d4,1,643,1,ours_minimax_d4,0.0,16,6434535443753532,2047.1,1.58,2093.3,2.8,,1048045305
plkmo_az,ours_minimax_d4,1,643,0,ours_minimax_d4,0.0,15,643444333442355,2054.25,1.53,2181.8,2.5,,1824615936
plkmo_az,ours_minimax_d4,2,232,0,ours_minimax_d4,0.0,7,2323242,2056.17,0.63,2067.8,1.2,,1785574973
plkmo_az,ours_minimax_d4,2,232,1,ours_minimax_d4,0.0,14,23223313525353,2072.92,1.64,2125.7,2.4,,1300770410
plkmo_az,ours_minimax_d4,3,262,1,ours_minimax_d4,0.0,8,26243547,2154.62,0.92,2270.7,1.4,,992932844
plkmo_az,ours_minimax_d4,3,262,0,ours_minimax_d4,0.0,11,26254444341,2021.56,1.34,2055.3,2.1,,572545652
plkmo_az,ours_minimax_d8,0,71,1,ours_minimax_d8,0.0,14,71445654556454,1979.66,21.31,2107.0,45.4,,49426884
plkmo_az,ours_minimax_d8,0,71,0,ours_minimax_d8,0.0,9,713344542,1965.55,31.16,2062.1,80.3,,1865724498
plkmo_az,ours_minimax_d8,1,643,0,ours_minimax_d8,0.0,13,6434444233355,1992.15,34.53,2111.5,69.1,,567541487
plkmo_az,ours_minimax_d8,1,643,1,ours_minimax_d8,0.0,16,6434544455755352,2088.36,32.77,2144.5,62.3,,2021436536
plkmo_az,ours_minimax_d8,2,232,1,ours_minimax_d8,0.0,14,23223313525353,2041.0,44.51,2085.4,68.3,,744053632
plkmo_az,ours_minimax_d8,2,232,0,ours_minimax_d8,0.0,23,23233545455233225636644,2061.73,30.72,2237.4,62.4,,595966145
plkmo_az,ours_minimax_d8,3,262,1,ours_minimax_d8,0.0,28,2624345444626433332226166711,2066.38,23.72,2241.4,49.3,,73148654
plkmo_az,nn_pilot_cpu_az_mcts200,0,71,1,nn_pilot_cpu_az_mcts200,0.0,14,71455544247454,2044.76,188.8,2215.2,261.3,,2100637134
plkmo_az,ours_minimax_d8,3,262,0,ours_minimax_d8,0.0,33,262544444555554666677777671333323,2066.82,17.82,2163.4,53.0,,2079648322
plkmo_az,nn_pilot_cpu_az_mcts200,0,71,0,nn_pilot_cpu_az_mcts200,0.0,17,71455445573334336,2023.11,209.69,2132.3,247.8,,86676387
plkmo_az,nn_pilot_cpu_az_mcts200,1,643,1,nn_pilot_cpu_az_mcts200,0.0,14,64335455335464,2035.21,220.36,2055.3,317.7,,1719125454
plkmo_az,nn_pilot_cpu_az_mcts200,2,232,1,nn_pilot_cpu_az_mcts200,0.0,16,2322331352555323,1994.06,193.77,2115.2,259.6,,1768755628
plkmo_az,nn_pilot_cpu_az_mcts200,1,643,0,nn_pilot_cpu_az_mcts200,0.0,17,64344433347473717,1968.1,196.82,2060.0,269.7,,702202373
plkmo_az,nn_pilot_cpu_az_mcts200,2,232,0,nn_pilot_cpu_az_mcts200,0.0,9,232335242,2091.73,160.99,2152.8,239.7,,327750353
plkmo_az,nn_pilot_cpu_az_mcts200,3,262,1,nn_pilot_cpu_az_mcts200,0.0,28,2622432444744633233277356655,2087.31,216.93,2265.7,279.9,,1346806107
plkmo_az,nn_pilot_cpu_az_mcts200,3,262,0,nn_pilot_cpu_az_mcts200,0.0,25,2625224442474456555773756,1986.75,209.59,2126.5,269.2,,771218663
pons_perfect,bruneton_az,0,71,1,pons_perfect,1.0,37,7145716666353355133717456536244441122,54.86,343.14,313.8,464.6,,1918836362
pons_perfect,bruneton_az,0,71,0,pons_perfect,1.0,36,714444655554115415331222222666667133,48.21,365.84,363.3,577.5,,1358656391
pons_perfect,bruneton_az,1,643,1,bruneton_az,0.0,38,64344443666646333355571177755577111122,34.09,287.53,359.5,490.5,,2137124598
pons_perfect,bruneton_az,1,643,0,pons_perfect,1.0,34,6434443331436664636155555571111777,54.83,290.67,421.5,498.3,,11985582
pons_perfect,bruneton_az,2,232,1,pons_perfect,1.0,33,232232336226663636444457744117755,46.67,318.9,333.2,456.4,,19269157
pons_perfect,bruneton_az,2,232,0,pons_perfect,1.0,40,2322233335452556651311521444414177777766,38.5,303.69,330.8,489.7,,1337671498
pons_perfect,bruneton_az,3,262,1,pons_perfect,1.0,31,2623444644221426612557676777755,38.14,372.8,389.3,462.2,,988892510
pons_perfect,bruneton_az,3,262,0,pons_perfect,1.0,34,2623442264417454732333773266766711,40.1,328.87,282.9,456.1,,1855363040
bruneton_az,galli_minimax,0,71,1,bruneton_az,1.0,39,714445545455145111167777723333332222266,290.05,83.37,498.1,321.8,,424373448
bruneton_az,galli_minimax,0,71,0,bruneton_az,1.0,40,7145444455541755111177666677333322222233,229.77,98.23,515.1,321.7,,466007827
bruneton_az,galli_minimax,1,643,1,bruneton_az,1.0,35,64344364664334336611555111122222255,298.04,86.69,477.7,344.3,,1546917174
bruneton_az,galli_minimax,1,643,0,bruneton_az,1.0,30,643444333643314166166177771122,305.24,101.46,501.4,256.0,,1985419919
bruneton_az,galli_minimax,2,232,1,bruneton_az,1.0,19,2322244446555451515,311.54,206.84,477.0,318.5,,1476074954
bruneton_az,galli_minimax,2,232,0,galli_minimax,0.0,27,232232223344336556464144565,368.92,63.95,447.1,149.1,,314850543
bruneton_az,galli_minimax,3,262,1,galli_minimax,0.0,8,26244537,342.45,436.65,468.4,812.0,,652478079
bruneton_az,galli_minimax,3,262,0,bruneton_az,1.0,28,2623444622446616412611112533,357.03,112.98,489.3,242.0,,679257171
bruneton_az,easyai_negamax,0,71,1,bruneton_az,1.0,27,714156611141444262667552227,340.75,110.19,506.8,293.2,,1627133186
bruneton_az,easyai_negamax,1,643,1,bruneton_az,1.0,33,643141411144126222224333337676555,353.73,53.83,478.5,119.4,,2038694225
bruneton_az,easyai_negamax,0,71,0,bruneton_az,1.0,36,711411132566143444233676663435555522,339.5,92.89,474.1,314.5,,2060457388
bruneton_az,easyai_negamax,1,643,0,bruneton_az,1.0,38,64341612111444122222335336346555556677,283.85,53.96,503.6,161.9,,2079147575
bruneton_az,easyai_negamax,2,232,1,bruneton_az,1.0,29,23212241711331125662733345445,370.24,85.69,475.6,167.1,,1857533978
bruneton_az,easyai_negamax,2,232,0,bruneton_az,1.0,40,2322131334232565255566635667777444447711,292.44,51.46,439.2,182.3,,410055704
bruneton_az,easyai_negamax,3,262,1,bruneton_az,1.0,29,26214122611521127444447555736,361.64,74.89,506.4,153.0,,450385243
bruneton_az,kaggle_negamax,0,71,1,bruneton_az,1.0,19,7147566777655566372,355.26,30.51,488.8,63.3,,797183434
bruneton_az,easyai_negamax,3,262,0,bruneton_az,1.0,34,2623121311441612332666263377777744,274.6,71.62,445.9,180.8,,632091065
bruneton_az,kaggle_negamax,1,643,1,bruneton_az,1.0,27,643246464425166716475557777,310.58,27.08,455.2,76.1,,1507854510
bruneton_az,kaggle_negamax,0,71,0,bruneton_az,1.0,40,7145717766666776334434144322221311232555,322.16,28.3,484.0,86.9,,1871451783
bruneton_az,kaggle_negamax,1,643,0,bruneton_az,1.0,18,643466644262535573,356.22,42.25,458.0,75.2,,2132754106
bruneton_az,kaggle_negamax,2,232,1,kaggle_negamax,0.0,34,2327464644466334677776227223135311,302.04,26.11,455.9,68.3,,975677196
bruneton_az,kaggle_negamax,2,232,0,bruneton_az,1.0,34,2322132333327676662755716761711144,353.13,23.46,452.3,74.7,,1986753033
bruneton_az,kaggle_negamax,3,262,1,bruneton_az,1.0,33,262743474443377722725466666233311,314.6,26.9,456.7,87.3,,189141667
bruneton_az,kaggle_negamax,3,262,0,bruneton_az,1.0,36,262362665243776177776224441433433111,299.19,30.83,484.1,70.2,,1983447265
bruneton_az,ours_minimax_d4,0,71,1,bruneton_az,1.0,35,71444465545515745111177772222223333,292.54,1.35,463.3,4.0,,1218240604
bruneton_az,ours_minimax_d4,0,71,0,bruneton_az,1.0,40,7145444474555133335511222266662211776633,292.76,1.13,473.0,2.1,,66729437
bruneton_az,ours_minimax_d4,1,643,1,bruneton_az,1.0,39,643444343334366667777762752222211111155,277.06,0.97,515.7,2.0,,2140812849
bruneton_az,ours_minimax_d4,1,643,0,bruneton_az,1.0,32,64344433364341663661117777117755,268.92,0.99,461.2,2.4,,1700822618
bruneton_az,ours_minimax_d4,2,232,1,bruneton_az,1.0,39,232224433563324444355555211777777111166,277.24,1.14,510.0,3.8,,1455209944
bruneton_az,ours_minimax_d4,3,262,1,ours_minimax_d4,0.0,8,26244537,350.08,0.67,461.9,1.4,,1889907054
bruneton_az,ours_minimax_d4,2,232,0,bruneton_az,1.0,36,232244444223333743727777116666665155,286.97,1.16,474.6,2.7,,1793211357
bruneton_az,ours_minimax_d4,3,262,0,bruneton_az,1.0,38,26234446446633334636555555222211111177,258.5,1.19,461.5,3.3,,1205380606
bruneton_az,ours_minimax_d8,0,71,1,bruneton_az,1.0,39,714444655554141152322215162627666777733,311.04,20.62,471.0,52.5,,1909910852
bruneton_az,ours_minimax_d8,0,71,0,draw,0.5,42,713444444323373137776666665551175551122222,338.74,19.11,479.9,79.5,,2139500693
bruneton_az,ours_minimax_d8,1,643,1,bruneton_az,1.0,39,643444343334325555556666611111177777722,270.22,14.43,462.7,62.2,,1779710209
bruneton_az,ours_minimax_d8,1,643,0,bruneton_az,1.0,32,64344443467766333366777722222255,284.5,18.51,460.4,53.8,,1078993551
bruneton_az,ours_minimax_d8,2,232,1,bruneton_az,1.0,39,232223344563324444355555211111177777766,292.49,23.34,473.9,106.5,,1068820771
bruneton_az,ours_minimax_d8,3,262,1,ours_minimax_d8,0.0,8,26244537,340.49,14.54,457.5,35.9,,1543759595
bruneton_az,ours_minimax_d8,2,232,0,bruneton_az,1.0,36,232223335325555753126176666677771144,328.74,28.52,486.6,94.1,,978284003
bruneton_az,ours_minimax_d8,3,262,0,bruneton_az,1.0,34,2623444644333343117777111177662255,254.22,22.85,472.1,59.0,,1802011571
bruneton_az,nn_pilot_cpu_az_mcts200,0,71,1,bruneton_az,1.0,39,714555544446742211123332233551132777766,323.96,159.44,471.3,239.6,,928712885
bruneton_az,nn_pilot_cpu_az_mcts200,0,71,0,bruneton_az,1.0,38,71455557333335311441117777566666644422,285.24,173.55,441.3,239.0,,1699402837
bruneton_az,nn_pilot_cpu_az_mcts200,1,643,1,bruneton_az,1.0,33,643366433644441663111731172777722,311.23,173.64,471.3,280.3,,2006634788
bruneton_az,nn_pilot_cpu_az_mcts200,1,643,0,bruneton_az,1.0,32,64344433365555453146666513111122,308.59,180.54,496.6,279.7,,626408296
bruneton_az,nn_pilot_cpu_az_mcts200,2,232,1,bruneton_az,1.0,39,232222334444433453275755557777611111166,295.62,179.7,494.4,264.0,,833315822
bruneton_az,nn_pilot_cpu_az_mcts200,2,232,0,nn_pilot_cpu_az_mcts200,0.0,33,232223334432444747777735555251511,326.64,178.04,454.7,252.4,,1114780758
bruneton_az,nn_pilot_cpu_az_mcts200,3,262,0,nn_pilot_cpu_az_mcts200,0.0,27,262322666455564447555436113,389.23,201.97,493.7,244.0,,623618247
bruneton_az,nn_pilot_cpu_az_mcts200,3,262,1,bruneton_az,1.0,33,262243423332244466773777766346555,352.96,186.55,619.8,288.3,,1948621690
pons_perfect,alfo_mcts,0,71,1,pons_perfect,1.0,23,71457447445571526112676,58.27,997.71,225.4,1380.6,,2083506595
pons_perfect,alfo_mcts,0,71,0,pons_perfect,1.0,24,714456235524224556466613,51.04,895.49,285.8,1437.8,,1713705431
pons_perfect,alfo_mcts,1,643,0,pons_perfect,1.0,32,64344433314316641366777671117755,2.41,610.09,18.2,1229.7,,856406027
pons_perfect,alfo_mcts,1,643,1,pons_perfect,1.0,37,6434463433677747465771262223316111122,44.11,747.34,465.1,1414.5,,824626293
pons_perfect,alfo_mcts,2,232,1,draw,0.5,42,232233325547545455622767744641373766611111,41.67,640.74,409.2,1586.3,,2037198658
pons_perfect,alfo_mcts,2,232,0,pons_perfect,1.0,34,2322444424366266343373725177116171,54.77,798.16,411.5,1444.8,,337170854
pons_perfect,alfo_mcts,3,262,1,pons_perfect,1.0,25,2624544622554544513133325,29.8,885.06,234.5,1426.7,,954528439
pons_perfect,alfo_mcts,3,262,0,pons_perfect,1.0,32,26234464412214733313255555117676,25.68,854.26,160.0,1465.6,,1128938161
alfo_mcts,galli_minimax,0,71,1,galli_minimax,0.0,38,71445654554623633524334213751177117722,740.53,144.39,1379.2,280.5,,168142640
alfo_mcts,galli_minimax,0,71,0,galli_minimax,0.0,33,714544415557475116741172222227333,758.79,144.66,1512.4,335.8,,1353757495
alfo_mcts,galli_minimax,1,643,1,alfo_mcts,1.0,21,643443643366445331515,871.19,160.24,1411.4,345.4,,221332454
alfo_mcts,galli_minimax,1,643,0,draw,0.5,42,643446443336624263377161177112212255555577,638.45,113.16,1399.2,472.1,,792698375
alfo_mcts,galli_minimax,2,232,1,galli_minimax,0.0,38,23223353525533227666677565761111441144,685.87,72.83,1392.8,185.4,,1657529079
alfo_mcts,galli_minimax,2,232,0,galli_minimax,0.0,37,2322363315451444214313422777711776565,685.55,126.57,1365.9,437.0,,650349570
alfo_mcts,galli_minimax,3,262,1,alfo_mcts,1.0,25,2624544422643466223651315,882.95,178.05,1253.2,334.3,,1086737010
alfo_mcts,galli_minimax,3,262,0,alfo_mcts,1.0,28,2624542246655544412121111333,763.57,157.69,1252.0,464.1,,1124559092
alfo_mcts,easyai_negamax,0,71,1,alfo_mcts,1.0,25,7141562341114422536755617,819.12,162.97,1383.7,349.0,,1339400390
alfo_mcts,easyai_negamax,1,643,1,alfo_mcts,1.0,21,643141113133416255522,863.46,81.07,1490.0,101.1,,1138648043
alfo_mcts,easyai_negamax,0,71,0,alfo_mcts,1.0,24,711413211653133455344622,805.37,99.78,1517.9,223.7,,1911498782
alfo_mcts,easyai_negamax,1,643,0,alfo_mcts,1.0,28,6434111316113336366644455522,658.69,58.41,1629.7,113.8,,1330954297
alfo_mcts,easyai_negamax,2,232,1,alfo_mcts,1.0,29,23215122511355314132336744425,822.57,93.18,1509.5,249.1,,1166268892
alfo_mcts,easyai_negamax,2,232,0,alfo_mcts,1.0,38,23251213114334241314442555253577777766,686.29,64.15,1291.8,161.9,,326110104
alfo_mcts,easyai_negamax,3,262,1,alfo_mcts,1.0,37,2621415341125355442332415142636366757,698.25,100.62,1168.8,276.8,,1075154934
alfo_mcts,easyai_negamax,3,262,0,alfo_mcts,1.0,26,26242234157656644517754613,744.93,210.65,1225.6,387.3,,1392512427
alfo_mcts,kaggle_negamax,0,71,1,alfo_mcts,1.0,25,7147564344155517733427262,879.9,41.68,1434.8,72.1,,1325911375
alfo_mcts,kaggle_negamax,1,643,1,alfo_mcts,1.0,23,64374236273311736613274,821.74,32.87,1534.0,81.6,,372798776
alfo_mcts,kaggle_negamax,0,71,0,alfo_mcts,1.0,28,7154774574257551547446331312,865.92,37.04,1342.8,82.1,,205829008
alfo_mcts,kaggle_negamax,2,232,1,alfo_mcts,1.0,31,2325613557576777336655132217134,770.22,34.93,1217.0,84.4,,1790978278
alfo_mcts,kaggle_negamax,1,643,0,alfo_mcts,1.0,36,643476644363133611347767477111222552,667.42,20.85,1420.0,68.1,,83476980
alfo_mcts,kaggle_negamax,2,232,0,alfo_mcts,1.0,22,2322757464777272254366,826.44,34.07,1571.0,74.4,,1052798501
alfo_mcts,kaggle_negamax,3,262,1,alfo_mcts,1.0,33,262743433776672237443327264646155,668.47,27.44,1363.6,63.5,,1861471371
alfo_mcts,kaggle_negamax,3,262,0,alfo_mcts,1.0,28,2622647465326655654225541373,781.48,27.43,1318.9,74.3,,1201386923
alfo_mcts,ours_minimax_d4,0,71,1,alfo_mcts,1.0,39,714456554452242435121112727775761666633,745.05,1.17,1477.9,2.6,,718486064
alfo_mcts,ours_minimax_d4,0,71,0,alfo_mcts,1.0,28,7145444141155542515122662333,796.42,1.2,1557.1,2.4,,1623586146
alfo_mcts,ours_minimax_d4,1,643,1,ours_minimax_d4,0.0,34,6434446633341463631611112277772255,737.5,1.17,1376.9,3.4,,117260513
alfo_mcts,ours_minimax_d4,1,643,0,alfo_mcts,1.0,34,6434443331463167411731177772266655,594.41,1.06,1396.7,2.2,,829314411
alfo_mcts,ours_minimax_d4,2,232,1,ours_minimax_d4,0.0,36,232244445455536764257512771211177666,647.22,0.99,1452.9,2.5,,697491511
alfo_mcts,ours_minimax_d4,2,232,0,ours_minimax_d4,0.0,23,23232236363344444662161,919.66,1.05,1628.4,1.6,,169698750
alfo_mcts,ours_minimax_d4,3,262,0,ours_minimax_d4,0.0,21,262454424644555152313,962.76,1.42,1547.6,2.4,,1173148157
alfo_mcts,ours_minimax_d4,3,262,1,ours_minimax_d4,0.0,34,2624554454452233642211117515717766,727.38,1.11,1422.0,1.9,,2037899462
alfo_mcts,ours_minimax_d8,0,71,0,alfo_mcts,1.0,34,7134434443314637355757755657111122,675.53,20.29,1362.5,77.5,,1049615790
alfo_mcts,ours_minimax_d8,0,71,1,ours_minimax_d8,0.0,34,7144565455462364343522531313117667,770.28,18.67,1413.3,53.8,,1075111748
alfo_mcts,ours_minimax_d8,1,643,1,alfo_mcts,1.0,21,643444343364662353555,945.82,19.7,1357.9,42.6,,722002630
alfo_mcts,ours_minimax_d8,1,643,0,alfo_mcts,1.0,32,64344643443131336666777777111155,602.03,11.2,1737.1,37.0,,210223951
alfo_mcts,ours_minimax_d8,2,232,1,ours_minimax_d8,0.0,36,232233535332762665655572167711761144,668.69,17.76,1494.0,53.7,,1097934136
alfo_mcts,ours_minimax_d8,2,232,0,alfo_mcts,1.0,36,232223353465455356636667157122777744,679.21,20.02,1365.1,101.2,,1808564926
alfo_mcts,ours_minimax_d8,3,262,1,alfo_mcts,1.0,39,262454224464346623333321776677775555511,654.4,17.03,1390.0,47.1,,1066310797
alfo_mcts,ours_minimax_d8,3,262,0,alfo_mcts,1.0,32,26243574444232333227456636661155,682.64,23.14,1264.9,63.5,,416667157
alfo_mcts,nn_pilot_cpu_az_mcts200,0,71,1,draw,0.5,42,714544445554733377133557222222376666661111,665.03,152.44,1530.4,255.6,,1678782412
alfo_mcts,nn_pilot_cpu_az_mcts200,0,71,0,alfo_mcts,1.0,36,714554455144121211722425777765266663,741.46,178.03,1781.4,263.3,,1181600458
alfo_mcts,nn_pilot_cpu_az_mcts200,1,643,1,alfo_mcts,1.0,35,64334334464466632361115111577777755,719.26,183.11,1426.6,466.6,,1561838330
alfo_mcts,nn_pilot_cpu_az_mcts200,1,643,0,alfo_mcts,1.0,36,643444333155554131165514677766763177,715.75,187.65,1453.9,236.2,,859546294
alfo_mcts,nn_pilot_cpu_az_mcts200,2,232,1,alfo_mcts,1.0,39,232255355332237475321117776116766651644,602.0,171.19,1489.9,257.1,,585663841
alfo_mcts,nn_pilot_cpu_az_mcts200,2,232,0,alfo_mcts,1.0,40,2322233554635144552666653324446177777711,664.02,148.7,1436.4,263.1,,988005635
alfo_mcts,nn_pilot_cpu_az_mcts200,3,262,0,alfo_mcts,1.0,10,2624224547,732.59,152.67,1216.4,215.1,,1239126461
pons_perfect,galli_minimax,0,71,1,pons_perfect,1.0,31,7144454144555531137225611772626,56.68,110.11,553.0,279.3,,1596085132
pons_perfect,galli_minimax,0,71,0,pons_perfect,1.0,32,71444465554545511611177733773323,17.18,156.84,173.2,370.1,,186941178
alfo_mcts,nn_pilot_cpu_az_mcts200,3,262,1,alfo_mcts,1.0,33,262243423344322433666477766777511,617.4,170.54,1522.4,234.3,,1407431522
pons_perfect,galli_minimax,1,643,1,pons_perfect,1.0,21,643443646633445331515,112.5,156.11,388.5,367.4,,854440356
pons_perfect,galli_minimax,1,643,0,pons_perfect,1.0,30,643444333143463666617117711722,46.01,88.73,372.7,219.8,,164873830
pons_perfect,galli_minimax,2,232,0,pons_perfect,1.0,36,232233244344443263662666111111777755,9.32,82.47,83.5,333.2,,1244155215
pons_perfect,galli_minimax,2,232,1,draw,0.5,42,232233325223444654443755556661667777711111,8.18,85.1,136.7,343.8,,338919651
pons_perfect,galli_minimax,3,262,0,pons_perfect,1.0,18,262344442226651313,53.94,171.1,214.8,258.6,,2042528626
pons_perfect,easyai_negamax,0,71,1,pons_perfect,1.0,17,71415651114132322,11.64,107.77,54.2,284.9,,2043610765
pons_perfect,galli_minimax,3,262,1,pons_perfect,1.0,35,26245444224655755252433177777661113,40.26,162.97,389.0,512.5,,39339282
pons_perfect,easyai_negamax,0,71,0,pons_perfect,1.0,24,711414111443232335656525,31.16,90.05,178.8,139.1,,517651206
pons_perfect,easyai_negamax,1,643,1,pons_perfect,1.0,21,643131336111414255522,81.51,100.01,561.9,154.9,,727194378
pons_perfect,easyai_negamax,1,643,0,pons_perfect,1.0,24,643414441411161523533222,54.75,78.73,254.5,236.6,,2038567974
pons_perfect,easyai_negamax,2,232,0,pons_perfect,1.0,20,23221313342565246414,63.8,83.21,294.1,114.4,,144573531
pons_perfect,easyai_negamax,2,232,1,pons_perfect,1.0,21,232131311233515144624,66.53,121.8,247.8,175.2,,1319572240
pons_perfect,easyai_negamax,3,262,0,pons_perfect,1.0,22,2623121311441335256514,56.26,151.86,300.5,345.8,,1537241530
pons_perfect,easyai_negamax,3,262,1,pons_perfect,1.0,25,2621413531124544334161525,30.27,187.21,164.2,320.6,,397025363
pons_perfect,kaggle_negamax,0,71,0,pons_perfect,1.0,22,7174777454432353321265,43.89,32.04,145.0,87.9,,2087408028
pons_perfect,kaggle_negamax,0,71,1,pons_perfect,1.0,19,7145733732454421265,97.24,35.63,638.6,61.8,,702033820
pons_perfect,kaggle_negamax,1,643,0,pons_perfect,1.0,22,6434444473767733232565,34.95,29.9,165.3,66.5,,2078574771
pons_perfect,kaggle_negamax,1,643,1,pons_perfect,1.0,21,643267276675474336474,46.42,46.69,341.2,75.3,,1784133948
pons_perfect,kaggle_negamax,2,232,1,pons_perfect,1.0,23,23274747774447453555263,52.12,30.49,447.9,67.2,,932261827
pons_perfect,kaggle_negamax,2,232,0,pons_perfect,1.0,22,2322746474447733735161,67.35,44.81,377.2,76.1,,964187946
pons_perfect,kaggle_negamax,3,262,1,pons_perfect,1.0,23,26245746474457755155373,57.39,38.53,506.5,79.8,,1164672860
pons_perfect,kaggle_negamax,3,262,0,pons_perfect,1.0,20,26237663745454433562,65.67,22.4,310.2,57.0,,1861096818
pons_perfect,ours_minimax_d4,0,71,1,pons_perfect,1.0,33,714444745623773323223453221776655,18.72,1.04,220.2,2.5,,815785412
pons_perfect,ours_minimax_d4,1,643,1,pons_perfect,1.0,41,64344443666463633355511111177772222227557,27.22,1.1,224.7,3.9,,970660064
pons_perfect,ours_minimax_d4,1,643,0,pons_perfect,1.0,32,64344433314346636655555516111122,14.82,0.9,92.9,2.1,,11065167
pons_perfect,ours_minimax_d4,0,71,0,pons_perfect,1.0,34,7144444677433337337556555511111722,53.75,1.2,401.0,2.5,,1807759408
pons_perfect,ours_minimax_d4,2,232,0,pons_perfect,1.0,32,23224444433332255743721177776556,44.5,1.44,339.5,5.9,,1389120505
pons_perfect,ours_minimax_d4,2,232,1,draw,0.5,42,232233325544422444335555676666611177711177,42.3,0.97,396.8,4.1,,1497867050
pons_perfect,ours_minimax_d4,3,262,1,pons_perfect,1.0,29,26245554226576444465573772333,31.11,1.3,198.1,2.1,,1626190789
pons_perfect,ours_minimax_d4,3,262,0,pons_perfect,1.0,36,262344443334345522265563552611111166,24.75,1.06,186.6,2.4,,1159179877
pons_perfect,ours_minimax_d8,0,71,1,pons_perfect,1.0,33,714444745623773323223453221776655,19.41,21.38,224.7,63.1,,1852050645
pons_perfect,ours_minimax_d8,1,643,1,pons_perfect,1.0,35,64344444636633522222266111111337555,20.5,16.7,113.3,43.0,,583183560
pons_perfect,ours_minimax_d8,0,71,0,pons_perfect,1.0,38,71334544447432357733216611662222667755,46.42,28.92,315.0,97.0,,1812287643
pons_perfect,ours_minimax_d8,1,643,0,pons_perfect,1.0,32,64344444333331166666111155555522,38.08,15.19,257.3,47.5,,326208514
pons_perfect,ours_minimax_d8,2,232,1,pons_perfect,1.0,39,232233325223444654443655656661511111777,10.77,20.32,167.9,70.6,,973862734
pons_perfect,ours_minimax_d8,3,262,1,pons_perfect,1.0,37,2624544422465575543522317666677771133,12.59,18.39,119.3,69.1,,1776966022
pons_perfect,ours_minimax_d8,2,232,0,pons_perfect,1.0,36,232223335732135552551777776644111144,27.28,31.75,336.9,97.0,,52564214
pons_perfect,ours_minimax_d8,3,262,0,pons_perfect,1.0,38,26234444224676674226767111133333117755,14.27,20.13,124.4,61.5,,984597079
pons_perfect,nn_pilot_cpu_az_mcts200,0,71,0,pons_perfect,1.0,28,7144566663443346341655331555,21.08,205.92,112.3,279.8,,924602693
pons_perfect,nn_pilot_cpu_az_mcts200,0,71,1,pons_perfect,1.0,33,714575544447552457222221611117766,48.18,185.68,355.7,271.6,,1918060148
pons_perfect,nn_pilot_cpu_az_mcts200,1,643,1,pons_perfect,1.0,19,6433434434346662555,137.43,187.55,484.4,260.8,,1588346532
pons_perfect,nn_pilot_cpu_az_mcts200,1,643,0,pons_perfect,1.0,30,643444333155554536435661111166,41.21,178.83,315.2,230.6,,1750936898
pons_perfect,nn_pilot_cpu_az_mcts200,2,232,1,pons_perfect,1.0,29,23223332522344465446556674777,1.31,208.29,7.6,285.5,,446115796
pons_perfect,nn_pilot_cpu_az_mcts200,2,232,0,pons_perfect,1.0,36,232223334434414243111276666667777711,38.95,160.27,444.8,223.9,,1893373466
pons_perfect,nn_pilot_cpu_az_mcts200,3,262,1,pons_perfect,1.0,33,262243424433434337556772266667755,29.4,161.11,286.3,255.0,,599398578
pons_perfect,nn_pilot_cpu_az_mcts200,3,262,0,nn_pilot_cpu_az_mcts200,0.0,39,262322645333655366532565121111177777744,28.68,126.24,321.2,239.0,,1067292135
galli_minimax,easyai_negamax,0,71,1,galli_minimax,1.0,17,71414111565123322,169.35,114.74,315.9,246.9,,2039723398
galli_minimax,easyai_negamax,0,71,0,galli_minimax,1.0,26,71141411144526353552222233,104.14,103.77,237.4,250.8,,440897986
galli_minimax,easyai_negamax,1,643,1,galli_minimax,1.0,23,64314131113341446255522,138.43,98.34,305.3,125.3,,2082264818
galli_minimax,easyai_negamax,1,643,0,galli_minimax,1.0,20,64341314431115123222,121.22,95.0,291.6,153.7,,1175784366
galli_minimax,easyai_negamax,2,232,1,galli_minimax,1.0,27,232122314232337344115114445,63.1,60.07,171.0,127.0,,213760865
galli_minimax,easyai_negamax,3,262,1,galli_minimax,1.0,17,26214141112231223,73.96,106.67,150.7,155.1,,637513438
galli_minimax,easyai_negamax,2,232,0,galli_minimax,1.0,38,23221211122115336633365665555677777744,54.61,46.36,204.2,127.4,,167062361
galli_minimax,kaggle_negamax,0,71,1,galli_minimax,1.0,27,714547445777543734111115262,179.5,35.41,537.6,98.3,,1294284721
galli_minimax,kaggle_negamax,0,71,0,galli_minimax,1.0,24,717477647322231332716151,144.29,29.4,475.6,72.5,,1030915987
galli_minimax,easyai_negamax,3,262,0,galli_minimax,1.0,34,2624223415756445561111122445566633,199.01,170.68,665.2,304.2,,1102328859
galli_minimax,kaggle_negamax,1,643,1,galli_minimax,1.0,35,64364664474631333743161117771522272,107.34,33.2,406.1,119.1,,654454578
galli_minimax,kaggle_negamax,1,643,0,galli_minimax,1.0,26,64347443737735523271117142,200.94,33.47,607.6,68.5,,117880600
galli_minimax,kaggle_negamax,2,232,1,galli_minimax,1.0,21,232746472244377411141,158.93,31.66,338.2,83.8,,1089813417
galli_minimax,kaggle_negamax,3,262,1,galli_minimax,1.0,19,2626454322354411171,108.93,21.9,218.4,68.1,,1937656168
galli_minimax,kaggle_negamax,2,232,0,galli_minimax,1.0,26,23227373346277745224417141,189.03,29.47,519.9,76.3,,1616715924
galli_minimax,kaggle_negamax,3,262,0,galli_minimax,1.0,38,26247462667277622444747531551111615333,150.37,20.44,480.8,59.3,,900114303
galli_minimax,ours_minimax_d4,0,71,0,ours_minimax_d4,0.0,29,71444541554455511221716772626,115.81,1.7,319.8,3.5,,2063186348
galli_minimax,ours_minimax_d4,0,71,1,ours_minimax_d4,0.0,42,714444655435354676655667111211222777223333,162.02,1.07,445.6,3.0,,1333178170
galli_minimax,ours_minimax_d4,1,643,0,galli_minimax,1.0,32,64344344333436661111661177777755,87.27,1.21,273.7,2.6,,1911999283
galli_minimax,ours_minimax_d4,1,643,1,draw,0.5,42,643444346366336463122255112227555577711177,78.96,0.84,270.1,1.9,,169067617
galli_minimax,ours_minimax_d4,2,232,0,ours_minimax_d4,0.0,19,2322444242244555513,102.63,1.17,194.7,2.0,,1717932006
galli_minimax,ours_minimax_d4,2,232,1,ours_minimax_d4,0.0,38,23223323346626244446641611371177751555,93.54,1.21,268.6,2.7,,51432585
galli_minimax,ours_minimax_d4,3,262,1,galli_minimax,1.0,25,2624554445544225522116333,110.55,1.41,239.7,1.9,,645094110
galli_minimax,ours_minimax_d4,3,262,0,ours_minimax_d4,0.0,25,2624544454552241255231313,161.79,1.59,341.5,3.4,,748734032
galli_minimax,ours_minimax_d8,0,71,0,galli_minimax,1.0,32,71344443433245513117376771176556,75.2,25.8,189.5,85.0,,129643113
galli_minimax,ours_minimax_d8,0,71,1,galli_minimax,1.0,35,71444465554545561216116177337662332,145.56,26.67,404.7,69.4,,1724428586
galli_minimax,ours_minimax_d8,1,643,0,ours_minimax_d8,0.0,19,6434434443336671515,173.36,21.79,326.7,64.8,,1787689513
galli_minimax,ours_minimax_d8,1,643,1,ours_minimax_d8,0.0,40,6434443464666336133227777255555512111212,83.95,14.91,276.4,44.1,,1675471561
galli_minimax,ours_minimax_d8,2,232,1,ours_minimax_d8,0.0,26,23223323346366244664451515,143.2,34.58,285.9,88.1,,452235504
galli_minimax,ours_minimax_d8,2,232,0,galli_minimax,1.0,32,23222444465545524255777711771133,116.23,20.83,368.6,106.7,,1579496575
galli_minimax,ours_minimax_d8,3,262,1,ours_minimax_d8,0.0,32,26245422444664656655552211111133,138.06,19.8,440.7,72.0,,588167326
galli_minimax,ours_minimax_d8,3,262,0,ours_minimax_d8,0.0,21,262434463345743573515,384.35,27.22,536.2,55.9,,1814568185
galli_minimax,nn_pilot_cpu_az_mcts200,0,71,1,nn_pilot_cpu_az_mcts200,0.0,42,714544445554151511222221276633667777333366,115.86,171.25,418.1,263.2,,2071353734
galli_minimax,nn_pilot_cpu_az_mcts200,0,71,0,nn_pilot_cpu_az_mcts200,0.0,39,714456634466411411337377336677122222255,127.55,166.85,363.4,292.2,,162012208
galli_minimax,nn_pilot_cpu_az_mcts200,1,643,1,nn_pilot_cpu_az_mcts200,0.0,26,64333444363344666611111122,105.02,187.65,228.6,278.9,,1116500137
galli_minimax,nn_pilot_cpu_az_mcts200,1,643,0,galli_minimax,1.0,32,64344344666422232333667777727211,108.21,189.5,273.2,257.8,,895121621
galli_minimax,nn_pilot_cpu_az_mcts200,2,232,1,nn_pilot_cpu_az_mcts200,0.0,24,232233233466244447471717,172.3,201.6,320.0,251.5,,394313856
galli_minimax,nn_pilot_cpu_az_mcts200,2,232,0,nn_pilot_cpu_az_mcts200,0.0,21,232224444655545161617,204.14,195.17,321.0,258.4,,1526252632
galli_minimax,nn_pilot_cpu_az_mcts200,3,262,0,galli_minimax,1.0,12,262422454143,160.86,129.75,317.7,225.6,,519640059
galli_minimax,nn_pilot_cpu_az_mcts200,3,262,1,galli_minimax,1.0,33,262243424433634332274776675511765,83.28,181.17,296.6,273.4,,234897525
easyai_negamax,kaggle_negamax,0,71,1,easyai_negamax,1.0,39,711516111527255433223223676637763657544,74.23,16.47,152.4,80.3,,750598292
easyai_negamax,kaggle_negamax,0,71,0,kaggle_negamax,0.0,25,7171411177657162725466524,143.31,27.79,590.7,72.3,,1208442437
easyai_negamax,kaggle_negamax,1,643,1,easyai_negamax,1.0,31,6432141211271714442227773345373,79.03,28.37,123.5,75.8,,1757272917
easyai_negamax,kaggle_negamax,1,643,0,easyai_negamax,1.0,28,6431317111716266776272236424,104.67,28.36,268.2,71.0,,746041514
easyai_negamax,kaggle_negamax,2,232,1,easyai_negamax,1.0,33,232717151113221225355535334776464,64.76,17.3,142.7,66.3,,682425338
easyai_negamax,kaggle_negamax,3,262,1,easyai_negamax,1.0,19,2627131454111322364,142.89,29.02,230.6,63.5,,2048672499
easyai_negamax,kaggle_negamax,2,232,0,easyai_negamax,1.0,38,23217171116177727262236654454544564353,69.1,14.38,144.0,60.5,,630850790
easyai_negamax,ours_minimax_d4,0,71,1,ours_minimax_d4,0.0,24,711414111325632563344525,97.73,1.17,202.2,2.4,,889453683
easyai_negamax,kaggle_negamax,3,262,0,easyai_negamax,1.0,38,26216161117152726677722373333355444454,83.59,15.95,215.2,62.2,,475501713
easyai_negamax,ours_minimax_d4,0,71,0,ours_minimax_d4,0.0,21,714141115632354433212,110.94,1.33,241.0,2.2,,674183419
easyai_negamax,ours_minimax_d4,1,643,1,ours_minimax_d4,0.0,24,643414461311131423363525,96.36,1.49,189.3,2.4,,2123354637
easyai_negamax,ours_minimax_d4,2,232,1,ours_minimax_d4,0.0,16,2322141324244313,76.36,1.51,125.3,2.9,,1201940774
easyai_negamax,ours_minimax_d4,1,643,0,ours_minimax_d4,0.0,23,64314141113144626633525,107.79,1.31,143.1,2.5,,696166540
easyai_negamax,ours_minimax_d4,2,232,0,ours_minimax_d4,0.0,25,2321313112332121623555444,81.42,1.37,139.4,2.9,,1432835360
easyai_negamax,ours_minimax_d4,3,262,0,ours_minimax_d4,0.0,15,262141411135315,122.11,1.08,176.2,2.0,,971606046
easyai_negamax,ours_minimax_d4,3,262,1,ours_minimax_d4,0.0,22,2624223574144565561717,279.86,1.19,690.9,1.9,,981106619
easyai_negamax,ours_minimax_d8,0,71,1,ours_minimax_d8,0.0,24,711414111443256535533222,104.11,17.75,226.5,40.3,,2012343093
easyai_negamax,ours_minimax_d8,0,71,0,ours_minimax_d8,0.0,19,7131411241563522313,128.25,28.18,353.6,80.7,,2119684358
easyai_negamax,ours_minimax_d8,1,643,1,ours_minimax_d8,0.0,22,6434144414111313253522,79.05,27.91,218.4,73.2,,497523986
easyai_negamax,ours_minimax_d8,2,232,1,ours_minimax_d8,0.0,16,2322121311433415,92.86,25.14,145.1,61.4,,224669534
easyai_negamax,ours_minimax_d8,1,643,0,ours_minimax_d8,0.0,25,6431414111444162323322525,74.55,21.84,132.7,59.2,,1549178277
easyai_negamax,ours_minimax_d8,2,232,0,ours_minimax_d8,0.0,23,23213131123321514444526,98.22,28.25,135.9,72.8,,251854034
easyai_negamax,ours_minimax_d8,3,262,0,ours_minimax_d8,0.0,15,262141411135315,125.96,17.58,185.4,50.2,,1042952682
easyai_negamax,ours_minimax_d8,3,262,1,ours_minimax_d8,0.0,22,2624223415744565561717,255.87,17.96,496.5,34.5,,1381527400
easyai_negamax,nn_pilot_cpu_az_mcts200,0,71,0,nn_pilot_cpu_az_mcts200,0.0,23,71415632311133615455424,114.7,188.54,313.6,269.6,,1945277930
easyai_negamax,nn_pilot_cpu_az_mcts200,0,71,1,nn_pilot_cpu_az_mcts200,0.0,34,7114141114442522222733455757755733,66.2,172.29,141.3,264.2,,1279725273
easyai_negamax,nn_pilot_cpu_az_mcts200,1,643,0,nn_pilot_cpu_az_mcts200,0.0,23,64314141114451346557323,93.16,177.13,133.1,247.8,,420144072
easyai_negamax,nn_pilot_cpu_az_mcts200,1,643,1,nn_pilot_cpu_az_mcts200,0.0,24,643313133411144414253222,79.22,186.01,123.7,263.6,,1872484740
easyai_negamax,nn_pilot_cpu_az_mcts200,2,232,0,nn_pilot_cpu_az_mcts200,0.0,39,232122416113313122576366755355656777744,63.7,160.25,169.3,220.7,,1942859181
easyai_negamax,nn_pilot_cpu_az_mcts200,2,232,1,nn_pilot_cpu_az_mcts200,0.0,40,2322121311433414544552266514353656676777,86.42,145.87,250.0,234.8,,251777471
easyai_negamax,nn_pilot_cpu_az_mcts200,3,262,1,nn_pilot_cpu_az_mcts200,0.0,38,26221213113223511637373775575755666644,65.5,165.14,197.6,246.7,,1137711354
kaggle_negamax,ours_minimax_d4,0,71,1,ours_minimax_d4,0.0,20,71646473237766721565,35.36,1.14,67.8,2.0,,1034384299
easyai_negamax,nn_pilot_cpu_az_mcts200,3,262,0,nn_pilot_cpu_az_mcts200,0.0,39,262141354112114425552254646665677777733,73.08,162.59,233.6,251.2,,1615084250
kaggle_negamax,ours_minimax_d4,0,71,0,ours_minimax_d4,0.0,21,714756463231523344575,20.48,1.35,61.0,2.1,,2040525473
kaggle_negamax,ours_minimax_d4,1,643,1,ours_minimax_d4,0.0,34,6434644664536334737367722222721171,22.43,1.2,73.0,2.6,,289635690
kaggle_negamax,ours_minimax_d4,1,643,0,ours_minimax_d4,0.0,31,6437464736443367774331661711212,30.58,1.35,75.9,3.0,,103791786
kaggle_negamax,ours_minimax_d4,2,232,0,ours_minimax_d4,0.0,19,2327373533224345474,31.38,1.3,65.0,2.1,,319309229
kaggle_negamax,ours_minimax_d4,2,232,1,ours_minimax_d4,0.0,26,23227463433446766442776575,45.22,1.96,72.7,5.3,,906077990
kaggle_negamax,ours_minimax_d4,3,262,0,ours_minimax_d4,0.0,23,26264663464434224237575,26.95,1.27,73.0,1.8,,87647598
kaggle_negamax,ours_minimax_d4,3,262,1,ours_minimax_d4,0.0,30,262455747445777472425525131663,25.24,1.29,89.6,3.3,,1616916477
kaggle_negamax,ours_minimax_d8,0,71,1,ours_minimax_d8,0.0,22,7154547445544327367656,35.27,24.89,78.0,43.7,,68623385
kaggle_negamax,ours_minimax_d8,0,71,0,ours_minimax_d8,0.0,19,7137464644366752575,40.01,29.72,99.3,80.0,,1004133399
kaggle_negamax,ours_minimax_d8,1,643,0,ours_minimax_d8,0.0,19,6435464644643155552,35.93,21.54,75.7,54.1,,735359104
kaggle_negamax,ours_minimax_d8,1,643,1,ours_minimax_d8,0.0,24,643444747455773373733566,29.58,19.65,66.5,47.0,,1638428631
kaggle_negamax,ours_minimax_d8,2,232,0,ours_minimax_d8,0.0,19,2327373547764544565,35.14,23.4,66.0,64.7,,715719402
kaggle_negamax,ours_minimax_d8,2,232,1,ours_minimax_d8,0.0,28,2322725443444472257713337161,34.01,25.3,73.7,52.0,,1822529569
kaggle_negamax,ours_minimax_d8,3,262,1,ours_minimax_d8,0.0,42,262474644422747776327266655555511333331111,14.74,16.55,54.3,61.1,,394751702
kaggle_negamax,ours_minimax_d8,3,262,0,ours_minimax_d8,0.0,19,2624375647352233465,30.18,19.97,68.3,52.4,,1745923887
kaggle_negamax,nn_pilot_cpu_az_mcts200,0,71,1,nn_pilot_cpu_az_mcts200,0.0,40,7174776776464664432242216111155223333355,17.23,145.71,71.2,235.1,,618032623
kaggle_negamax,nn_pilot_cpu_az_mcts200,0,71,0,nn_pilot_cpu_az_mcts200,0.0,39,714557575577673444322222413352111314366,20.31,177.39,73.7,261.7,,314442844
kaggle_negamax,nn_pilot_cpu_az_mcts200,1,643,1,nn_pilot_cpu_az_mcts200,0.0,28,6433236336646444736727225757,32.59,200.33,103.4,257.7,,812455214
kaggle_negamax,nn_pilot_cpu_az_mcts200,1,643,0,nn_pilot_cpu_az_mcts200,0.0,39,643647434477334772212227256633665555511,24.33,160.66,76.1,243.4,,236171994
kaggle_negamax,nn_pilot_cpu_az_mcts200,2,232,1,nn_pilot_cpu_az_mcts200,0.0,32,23226266544373347554452345277676,31.73,200.12,72.9,267.6,,572313293
kaggle_negamax,nn_pilot_cpu_az_mcts200,2,232,0,nn_pilot_cpu_az_mcts200,0.0,39,232722755757554337752233666661631111144,21.38,168.93,73.4,281.4,,907479775
kaggle_negamax,nn_pilot_cpu_az_mcts200,3,262,1,nn_pilot_cpu_az_mcts200,0.0,32,26227272247764673174436644635151,20.32,188.29,67.6,246.4,,344332726
ours_minimax_d4,ours_minimax_d8,0,71,1,ours_minimax_d8,0.0,22,7144444456525552215333,2.0,36.55,3.6,107.8,,1503729690
kaggle_negamax,nn_pilot_cpu_az_mcts200,3,262,0,nn_pilot_cpu_az_mcts200,0.0,27,262241264744357551411752156,31.81,182.19,91.0,228.5,,1479976595
ours_minimax_d4,ours_minimax_d8,1,643,1,ours_minimax_d8,0.0,32,64344434433331777666667771111155,0.94,14.99,2.4,50.0,,1215328244
ours_minimax_d4,ours_minimax_d8,1,643,0,ours_minimax_d4,1.0,32,64344443467633366736777722222255,1.27,21.99,2.8,65.7,,230776355
ours_minimax_d4,ours_minimax_d8,0,71,0,ours_minimax_d4,1.0,32,71355335534444434351115117777722,2.36,50.44,13.4,139.5,,1376280951
ours_minimax_d4,ours_minimax_d8,2,232,1,ours_minimax_d8,0.0,36,232244444223333436666662777775511755,1.29,24.74,3.5,83.3,,997634197
ours_minimax_d4,ours_minimax_d8,2,232,0,ours_minimax_d8,0.0,35,23222443356344443322556666611111155,1.16,27.77,2.8,148.5,,934189590
ours_minimax_d4,ours_minimax_d8,3,262,1,ours_minimax_d4,1.0,39,262454445455224255231666667111113333377,1.13,15.17,2.8,35.2,,180891662
ours_minimax_d4,ours_minimax_d8,3,262,0,draw,0.5,42,262435754422455445333325327777766666111111,1.22,15.11,5.6,58.8,,430205880
ours_minimax_d4,nn_pilot_cpu_az_mcts200,0,71,0,ours_minimax_d4,1.0,28,7144566344664413336331172215,1.55,182.77,3.6,256.7,,1316857617
ours_minimax_d4,nn_pilot_cpu_az_mcts200,0,71,1,nn_pilot_cpu_az_mcts200,0.0,42,714544447552335334357771112357226666662211,1.2,164.36,2.3,264.1,,179299055
ours_minimax_d4,nn_pilot_cpu_az_mcts200,1,643,1,nn_pilot_cpu_az_mcts200,0.0,32,64333444364364367777671761111155,1.39,154.66,4.8,249.8,,1200251120
ours_minimax_d4,nn_pilot_cpu_az_mcts200,1,643,0,ours_minimax_d4,1.0,32,64344434337473777372222566526565,1.06,181.71,2.1,259.2,,1098596983
ours_minimax_d4,nn_pilot_cpu_az_mcts200,2,232,1,nn_pilot_cpu_az_mcts200,0.0,36,232244444226466663333326117777775151,1.28,168.77,2.9,267.0,,1543737146
ours_minimax_d4,nn_pilot_cpu_az_mcts200,2,232,0,ours_minimax_d4,1.0,30,232224433563443424666365727655,1.34,198.94,2.4,275.3,,1838492267
ours_minimax_d4,nn_pilot_cpu_az_mcts200,3,262,0,ours_minimax_d4,1.0,10,2624224543,0.82,166.16,1.5,243.4,,1427435680
ours_minimax_d4,nn_pilot_cpu_az_mcts200,3,262,1,draw,0.5,42,262243424433322433476767777666111111555555,0.95,136.98,5.1,255.0,,1066857086
ours_minimax_d8,nn_pilot_cpu_az_mcts200,0,71,1,draw,0.5,42,713444444533355231511135571766776666722222,18.78,148.67,104.5,234.1,,579366267
ours_minimax_d8,nn_pilot_cpu_az_mcts200,0,71,0,ours_minimax_d8,1.0,18,714456666432433251,38.88,191.58,98.3,240.0,,1722690105
ours_minimax_d8,nn_pilot_cpu_az_mcts200,1,643,1,nn_pilot_cpu_az_mcts200,0.0,32,64333444363344666622277222777755,13.75,146.82,48.2,237.1,,682231470
ours_minimax_d8,nn_pilot_cpu_az_mcts200,1,643,0,ours_minimax_d8,1.0,34,6434443433747377737525555511111166,16.6,159.75,45.0,270.7,,51880362
ours_minimax_d8,nn_pilot_cpu_az_mcts200,2,232,1,ours_minimax_d8,1.0,21,232222333444443355552,30.3,178.95,100.3,246.0,,120507725
ours_minimax_d8,nn_pilot_cpu_az_mcts200,2,232,0,ours_minimax_d8,1.0,30,232223344563443424666365727655,23.26,185.13,58.7,227.5,,1716041423
ours_minimax_d8,nn_pilot_cpu_az_mcts200,3,262,0,ours_minimax_d8,1.0,10,2624224543,12.41,149.21,34.4,209.6,,1013351468
ours_minimax_d8,nn_pilot_cpu_az_mcts200,3,262,1,ours_minimax_d8,1.0,31,2622434244334343376772266755765,15.06,174.28,41.1,219.4,,909946139
