depth,bucket,n,optimal,opt_lo,opt_hi,keeps,n_not_lost,keeps_nl,keeps_nl_lo,keeps_nl_hi,rand_optimal,rand_keeps_nl,mean_eval,mean_nodes,mean_ms
1,all,3000,0.7287,0.7125,0.7443,0.8953,2134,0.8529,0.8372,0.8673,0.3052,0.484,257.227,5.6,0.087
1,8-11,500,0.618,0.5747,0.6595,0.854,339,0.7847,0.7378,0.8251,0.2238,0.4355,91.85,7.4,0.124
1,12-15,500,0.678,0.6358,0.7175,0.888,344,0.8372,0.7945,0.8725,0.2603,0.4882,195.274,6.6,0.105
1,16-19,500,0.7,0.6584,0.7385,0.87,356,0.8174,0.774,0.8541,0.2632,0.4697,223.338,6.1,0.106
1,20-23,500,0.752,0.7123,0.7878,0.9,349,0.8567,0.8161,0.8896,0.3139,0.474,321.616,5.2,0.073
1,24-27,500,0.822,0.7861,0.853,0.924,375,0.8987,0.864,0.9253,0.3559,0.5249,341.498,4.6,0.064
1,28-30,500,0.802,0.7648,0.8346,0.936,371,0.9137,0.8808,0.9382,0.4144,0.5063,369.784,3.8,0.051
2,all,3000,0.81,0.7956,0.8236,0.935,2134,0.9086,0.8957,0.9201,0.3052,0.484,200.543,18.0,0.199
2,8-11,500,0.704,0.6626,0.7423,0.896,339,0.8466,0.8044,0.8811,0.2238,0.4355,73.95,26.8,0.297
2,12-15,500,0.78,0.7416,0.8141,0.926,344,0.8924,0.8553,0.921,0.2603,0.4882,153.968,22.6,0.26
2,16-19,500,0.774,0.7353,0.8085,0.918,356,0.8848,0.8475,0.914,0.2632,0.4697,163.086,19.3,0.218
2,20-23,500,0.826,0.7903,0.8567,0.944,349,0.9198,0.8865,0.9439,0.3139,0.474,223.74,15.0,0.165
2,24-27,500,0.892,0.8617,0.9163,0.96,375,0.9467,0.9191,0.9652,0.3559,0.5249,282.394,13.6,0.142
2,28-30,500,0.884,0.853,0.9092,0.966,371,0.9542,0.9278,0.9712,0.4144,0.5063,306.12,10.7,0.109
3,all,3000,0.846,0.8326,0.8585,0.9443,2134,0.9217,0.9096,0.9324,0.3052,0.484,280.261,54.6,0.565
3,8-11,500,0.734,0.6936,0.7708,0.9,339,0.8525,0.8108,0.8863,0.2238,0.4355,117.592,93.1,0.97
3,12-15,500,0.808,0.7712,0.8401,0.938,344,0.9099,0.8749,0.9358,0.2603,0.4882,226.338,72.9,0.763
3,16-19,500,0.834,0.7989,0.864,0.934,356,0.9073,0.8727,0.9332,0.2632,0.4697,269.538,58.2,0.63
3,20-23,500,0.854,0.8204,0.8823,0.948,349,0.9255,0.8931,0.9487,0.3139,0.474,304.062,42.6,0.436
3,24-27,500,0.924,0.8974,0.9441,0.976,375,0.968,0.9449,0.9816,0.3559,0.5249,383.414,34.8,0.346
3,28-30,500,0.922,0.8951,0.9424,0.97,371,0.9596,0.9344,0.9753,0.4144,0.5063,380.62,26.1,0.246
4,all,3000,0.873,0.8606,0.8844,0.9537,2134,0.9349,0.9236,0.9446,0.3052,0.484,252.641,122.3,1.283
4,8-11,500,0.756,0.7165,0.7916,0.914,339,0.8732,0.8335,0.9045,0.2238,0.4355,104.11,226.0,2.448
4,12-15,500,0.838,0.8031,0.8677,0.946,344,0.9215,0.8882,0.9455,0.2603,0.4882,206.37,170.1,1.802
4,16-19,500,0.852,0.8182,0.8804,0.944,356,0.9213,0.8887,0.945,0.2632,0.4697,229.364,128.0,1.375
4,20-23,500,0.908,0.8795,0.9303,0.964,349,0.9484,0.92,0.9671,0.3139,0.474,273.96,88.4,0.918
4,24-27,500,0.918,0.8906,0.939,0.968,375,0.9573,0.9318,0.9736,0.3559,0.5249,348.228,70.2,0.706
4,28-30,500,0.966,0.9462,0.9787,0.986,371,0.9811,0.9616,0.9908,0.4144,0.5063,353.814,51.0,0.45
5,all,3000,0.8797,0.8675,0.8908,0.9533,2134,0.9344,0.9231,0.9441,0.3052,0.484,285.478,270.6,2.813
5,8-11,500,0.752,0.7123,0.7878,0.912,339,0.8702,0.8302,0.9019,0.2238,0.4355,113.392,567.5,5.932
5,12-15,500,0.842,0.8074,0.8713,0.954,344,0.9331,0.9017,0.955,0.2603,0.4882,243.808,384.0,4.041
5,16-19,500,0.874,0.842,0.9003,0.942,356,0.9185,0.8855,0.9427,0.2632,0.4697,276.746,272.0,2.851
5,20-23,500,0.9,0.8706,0.9233,0.956,349,0.937,0.9064,0.958,0.3139,0.474,309.724,174.2,1.816
5,24-27,500,0.938,0.9133,0.956,0.972,375,0.9627,0.9383,0.9776,0.3559,0.5249,389.144,134.8,1.403
5,28-30,500,0.972,0.9536,0.9832,0.984,371,0.9784,0.958,0.989,0.4144,0.5063,380.056,91.2,0.833
6,all,3000,0.8887,0.8769,0.8994,0.9587,2134,0.9419,0.9312,0.951,0.3052,0.484,267.796,527.3,5.407
6,8-11,500,0.764,0.7249,0.7991,0.916,339,0.8761,0.8368,0.907,0.2238,0.4355,102.342,1189.7,12.301
6,12-15,500,0.832,0.7967,0.8622,0.946,344,0.9215,0.8882,0.9455,0.2603,0.4882,216.906,769.4,8.14
6,16-19,500,0.898,0.8684,0.9216,0.96,356,0.9438,0.9148,0.9633,0.2632,0.4697,253.526,517.0,5.243
6,20-23,500,0.918,0.8906,0.939,0.966,349,0.9513,0.9234,0.9694,0.3139,0.474,290.298,311.2,3.095
6,24-27,500,0.95,0.9272,0.9659,0.978,375,0.9707,0.9482,0.9835,0.3559,0.5249,380.148,226.5,2.273
6,28-30,500,0.97,0.9511,0.9817,0.986,371,0.9811,0.9616,0.9908,0.4144,0.5063,363.556,149.7,1.388
7,all,3000,0.8933,0.8818,0.9039,0.9577,2134,0.9405,0.9296,0.9498,0.3052,0.484,288.781,1049.7,10.816
7,8-11,500,0.756,0.7165,0.7916,0.91,339,0.8673,0.827,0.8993,0.2238,0.4355,126.99,2577.1,26.913
7,12-15,500,0.866,0.8333,0.8931,0.956,344,0.936,0.9051,0.9574,0.2603,0.4882,253.118,1576.0,17.005
7,16-19,500,0.89,0.8595,0.9145,0.954,356,0.9354,0.9049,0.9566,0.2632,0.4697,274.248,981.2,10.074
7,20-23,500,0.92,0.8929,0.9407,0.962,349,0.9456,0.9165,0.9649,0.3139,0.474,305.392,552.7,5.419
7,24-27,500,0.95,0.9272,0.9659,0.976,375,0.968,0.9449,0.9816,0.3559,0.5249,394.922,376.5,3.509
7,28-30,500,0.978,0.961,0.9877,0.988,371,0.9838,0.9652,0.9926,0.4144,0.5063,378.016,234.6,1.974
8,all,3000,0.9047,0.8936,0.9147,0.9613,2134,0.9456,0.9352,0.9545,0.3052,0.484,274.006,1883.3,19.266
8,8-11,500,0.794,0.7564,0.8271,0.926,339,0.8909,0.8532,0.9198,0.2238,0.4355,116.712,4914.9,51.036
8,12-15,500,0.866,0.8333,0.8931,0.95,344,0.9273,0.8949,0.9503,0.2603,0.4882,235.24,2821.5,29.994
8,16-19,500,0.904,0.875,0.9268,0.96,356,0.9438,0.9148,0.9633,0.2632,0.4697,257.908,1701.8,17.517
8,20-23,500,0.92,0.8929,0.9407,0.966,349,0.9513,0.9234,0.9694,0.3139,0.474,298.304,916.7,8.704
8,24-27,500,0.964,0.9438,0.9771,0.978,375,0.9707,0.9482,0.9835,0.3559,0.5249,380.25,599.5,5.473
8,28-30,500,0.98,0.9636,0.9891,0.988,371,0.9838,0.9652,0.9926,0.4144,0.5063,355.62,345.3,2.87
9,all,3000,0.9083,0.8975,0.9181,0.9637,2134,0.9489,0.9387,0.9575,0.3052,0.484,301.303,3530.6,36.324
9,8-11,500,0.786,0.7479,0.8197,0.924,339,0.8879,0.8499,0.9172,0.2238,0.4355,140.32,9972.9,105.445
9,12-15,500,0.874,0.842,0.9003,0.954,344,0.9331,0.9017,0.955,0.2603,0.4882,260.562,5346.0,55.801
9,16-19,500,0.902,0.8728,0.9251,0.956,356,0.9382,0.9082,0.9588,0.2632,0.4697,287.588,2980.9,30.328
9,20-23,500,0.928,0.9019,0.9475,0.964,349,0.9484,0.92,0.9671,0.3139,0.474,317.072,1493.7,14.266
9,24-27,500,0.97,0.9511,0.9817,0.986,375,0.9813,0.962,0.9909,0.3559,0.5249,402.568,905.9,8.116
9,28-30,500,0.99,0.9768,0.9957,0.998,371,0.9973,0.9849,0.9995,0.4144,0.5063,399.708,484.2,3.987
10,all,3000,0.9183,0.908,0.9276,0.9653,2134,0.9513,0.9413,0.9596,0.3052,0.484,278.839,6020.0,62.129
10,8-11,500,0.796,0.7585,0.829,0.922,339,0.885,0.8466,0.9147,0.2238,0.4355,132.922,17959.5,189.958
10,12-15,500,0.888,0.8573,0.9127,0.958,344,0.939,0.9085,0.9597,0.2603,0.4882,247.576,9069.1,94.72
10,16-19,500,0.912,0.8839,0.9338,0.962,356,0.9466,0.9182,0.9656,0.2632,0.4697,277.944,4794.9,48.72
10,20-23,500,0.942,0.9179,0.9593,0.968,349,0.9542,0.9268,0.9716,0.3139,0.474,302.454,2325.0,22.181
10,24-27,500,0.982,0.9661,0.9905,0.99,375,0.9867,0.9692,0.9943,0.3559,0.5249,378.398,1326.4,11.959
10,28-30,500,0.99,0.9768,0.9957,0.992,371,0.9892,0.9726,0.9958,0.4144,0.5063,333.742,645.5,5.234
