subset,config,depth,n,complete,mean_nodes,median_nodes,mean_ms,median_ms,max_ms,proven_early,mean_depth_reached
all,full,1,54,1,5.9,8,0.097,0.088,0.514,0,1.0
all,full,2,54,1,20.5,25,0.244,0.23,1.965,12,1.78
all,full,3,54,1,62.4,74,0.614,0.711,2.496,14,2.52
all,full,4,54,1,136.5,116,1.285,1.099,4.355,20,3.15
all,full,5,54,1,326.6,205,3.204,2.024,12.908,21,3.76
all,full,6,54,1,664.5,375,6.456,3.625,29.783,21,4.37
all,full,7,54,1,1390.7,638,13.835,6.887,67.596,21,4.98
all,full,8,54,1,2712.2,1101,28.319,10.85,199.985,21,5.59
all,full,9,54,1,5648.1,1641,56.649,16.632,346.32,21,6.2
all,full,10,54,1,10571.7,2450,110.855,21.087,845.335,22,6.8
all,no_tt,1,54,1,5.9,8,0.089,0.091,0.255,0,1.0
all,no_tt,2,54,1,15.8,18,0.166,0.168,0.778,0,2.0
all,no_tt,3,54,1,45.2,47,0.442,0.436,1.743,0,3.0
all,no_tt,4,54,1,103.6,85,1.141,0.803,6.076,0,4.0
all,no_tt,5,54,1,299.0,199,2.927,1.6,14.275,0,5.0
all,no_tt,6,54,1,618.4,281,6.207,2.789,31.154,0,6.0
all,no_tt,7,54,1,1772.9,734,16.619,6.68,73.77,0,7.0
all,no_tt,8,54,1,4052.8,1278,39.379,11.357,251.221,0,8.0
all,no_tt,9,54,1,10525.8,2724,102.898,23.193,691.104,0,9.0
all,no_tt,10,54,1,23170.1,4564,226.084,37.514,1423.845,0,10.0
all,no_order,1,54,1,5.9,8,0.097,0.093,0.286,0,1.0
all,no_order,2,54,1,28.8,36,0.269,0.302,0.829,12,1.78
all,no_order,3,54,1,110.4,83,1.016,0.722,2.927,14,2.52
all,no_order,4,54,1,353.3,178,3.232,1.754,12.088,20,3.15
all,no_order,5,54,1,1107.2,342,10.551,2.781,75.587,21,3.76
all,no_order,6,54,1,3120.9,694,26.721,5.669,137.659,21,4.37
all,no_order,7,54,1,8611.1,1271,75.075,10.302,394.275,21,4.98
all,no_order,8,54,1,22419.2,2689,197.746,21.361,1255.334,21,5.59
all,no_order,9,54,1,57601.9,5064,512.516,40.763,3081.125,21,6.2
all,no_order,10,53,0,119699.9,4725,1119.266,44.821,8276.737,22,6.74
all,plain,1,54,1,5.9,8,0.11,0.087,0.652,0,1.0
all,plain,2,54,1,23.1,28,0.228,0.271,1.049,0,2.0
all,plain,3,54,1,81.9,53,0.755,0.461,5.674,0,3.0
all,plain,4,54,1,280.7,145,2.706,1.264,15.332,0,4.0
all,plain,5,54,1,1005.3,380,8.08,4.053,36.018,0,5.0
all,plain,6,54,1,3211.4,976,27.522,9.78,181.469,0,6.0
all,plain,7,54,1,10821.1,2229,90.639,19.301,499.821,0,7.0
all,plain,8,54,1,35119.9,5360,319.628,42.401,2196.53,0,8.0
all,plain,9,54,1,116143.3,8775,1039.122,72.528,7607.647,0,9.0
all,plain,10,47,0,115989.6,7417,1014.266,57.332,7344.225,0,10.0
open,full,1,32,1,7.2,8,0.122,0.09,0.514,0,1.0
open,full,2,32,1,26.3,28,0.333,0.258,1.965,0,2.0
open,full,3,32,1,85.7,87,0.867,0.795,2.496,0,3.0
open,full,4,32,1,206.2,209,1.952,1.798,4.355,0,4.0
open,full,5,32,1,519.6,460,5.124,4.53,12.908,0,5.0
open,full,6,32,1,1082.8,786,10.567,8.76,29.783,0,6.0
open,full,7,32,1,2291.5,1678,22.861,14.673,67.596,0,7.0
open,full,8,32,1,4507.6,2542,47.192,20.808,199.985,0,8.0
open,full,9,32,1,9436.0,4378,94.769,58.794,346.32,0,9.0
open,full,10,32,1,17744.5,10377,186.245,114.452,845.335,0,10.0
open,no_tt,1,32,1,7.2,8,0.108,0.095,0.194,0,1.0
open,no_tt,2,32,1,20.5,21,0.222,0.181,0.778,0,2.0
open,no_tt,3,32,1,64.0,72,0.629,0.61,1.743,0,3.0
open,no_tt,4,32,1,150.1,140,1.567,1.284,6.076,0,4.0
open,no_tt,5,32,1,440.5,441,4.377,3.359,14.275,0,5.0
open,no_tt,6,32,1,944.9,879,9.474,7.742,31.154,0,6.0
open,no_tt,7,32,1,2678.1,2434,25.201,21.382,73.77,0,7.0
open,no_tt,8,32,1,6353.1,4846,62.065,41.449,251.221,0,8.0
open,no_tt,9,32,1,16375.2,10555,159.985,88.346,691.104,0,9.0
open,no_tt,10,32,1,36950.5,23993,358.486,286.033,1423.845,0,10.0
open,no_order,1,32,1,7.2,8,0.108,0.098,0.27,0,1.0
open,no_order,2,32,1,37.7,44,0.333,0.376,0.645,0,2.0
open,no_order,3,32,1,157.7,169,1.389,1.557,2.927,0,3.0
open,no_order,4,32,1,551.2,462,4.996,5.713,12.088,0,4.0
open,no_order,5,32,1,1802.8,1298,17.189,13.873,75.587,0,5.0
open,no_order,6,32,1,5152.3,3607,44.01,29.552,137.659,0,6.0
open,no_order,7,32,1,14330.0,9608,124.896,78.933,394.275,0,7.0
open,no_order,8,32,1,37497.4,21319,330.95,175.008,1255.334,0,8.0
open,no_order,9,32,1,96656.7,42599,860.535,334.508,3081.125,0,9.0
open,no_order,10,31,0,204084.2,54288,1908.698,605.828,8276.737,0,10.0
open,plain,1,32,1,7.2,8,0.128,0.093,0.509,0,1.0
open,plain,2,32,1,30.4,37,0.307,0.33,1.049,0,2.0
open,plain,3,32,1,120.0,124,1.13,1.013,5.674,0,3.0
open,plain,4,32,1,421.9,342,4.12,4.18,15.332,0,4.0
open,plain,5,32,1,1564.2,990,12.528,7.492,36.018,0,5.0
open,plain,6,32,1,5046.8,3913,43.45,30.275,181.469,0,6.0
open,plain,7,32,1,17239.8,9576,142.353,71.244,499.821,0,7.0
open,plain,8,32,1,56286.3,28814,514.9,244.481,2196.53,0,8.0
open,plain,9,32,1,187481.8,65402,1663.787,488.153,7607.647,0,9.0
open,plain,10,25,0,185872.0,58091,1637.798,484.748,7344.225,0,10.0
