level,opponent,games,wins,draws,losses,score,ci_lo,ci_hi,binom_p,mean_ms,max_ms,mean_plies
L1,random,100,84,0,16,0.84,0.7558,0.899,2.61e-12,0.1,3.1,16.7
L2,random,100,93,0,7,0.93,0.8625,0.9657,2.73e-20,0.1,5.1,12.9
L3,random,100,98,0,2,0.98,0.93,0.9945,7.97e-27,0.2,4.3,13.5
L4,random,100,100,0,0,1.0,0.963,1.0,1.58e-30,0.8,6.4,12.6
L5,random,100,100,0,0,1.0,0.963,1.0,1.58e-30,1.9,9.2,12.8
L6,random,100,100,0,0,1.0,0.963,1.0,1.58e-30,5.7,29.9,12.6
L7,random,100,100,0,0,1.0,0.963,1.0,1.58e-30,12.2,54.7,12.7
L8,random,100,100,0,0,1.0,0.963,1.0,1.58e-30,27.6,133.9,13.4
L9,random,100,100,0,0,1.0,0.963,1.0,1.58e-30,54.4,327.7,12.9
L10,random,50,50,0,0,1.0,0.9286,1.0,1.78e-15,1258.8,1918.4,12.5
L1,L2,100,42,0,58,0.42,0.328,0.5179,0.133,0.1,0.6,16.4
L2,L3,100,21,1,78,0.215,0.1458,0.3053,6.88e-09,0.1,4.1,19.6
L3,L4,100,34,4,62,0.36,0.2727,0.4576,0.00557,0.2,4.3,24.7
L4,L5,100,16,12,72,0.22,0.15,0.3107,1.19e-09,0.8,7.7,27.3
L5,L6,100,40,9,51,0.445,0.3514,0.5426,0.294,1.9,9.1,32.4
L6,L7,100,33,17,50,0.415,0.3233,0.513,0.0784,4.2,27.6,34.3
L7,L8,100,40,20,40,0.5,0.4038,0.5962,1,9.7,89.3,34.3
L8,L9,100,27,26,47,0.4,0.3094,0.498,0.0265,40.9,332.1,35.3
L9,L10,50,12,8,30,0.32,0.2076,0.4581,0.00792,39.4,274.7,34.2
