agent,depth,category,n,solved,share_solved,share_still_winning
d1,1,win1,13,13,1.0,1.0
d1,1,block,13,9,0.6923,0.6923
d1,1,win2,13,10,0.7692,0.9231
d1,1,win3,13,8,0.6154,0.8462
d1,1,all,52,40,0.7692,0.8654
d2,2,win1,13,13,1.0,1.0
d2,2,block,13,13,1.0,1.0
d2,2,win2,13,6,0.4615,0.8462
d2,2,win3,13,8,0.6154,0.9231
d2,2,all,52,40,0.7692,0.9423
d3,3,win1,13,13,1.0,1.0
d3,3,block,13,13,1.0,1.0
d3,3,win2,13,13,1.0,1.0
d3,3,win3,13,8,0.6154,0.9231
d3,3,all,52,47,0.9038,0.9808
d4,4,win1,13,13,1.0,1.0
d4,4,block,13,13,1.0,1.0
d4,4,win2,13,13,1.0,1.0
d4,4,win3,13,9,0.6923,0.9231
d4,4,all,52,48,0.9231,0.9808
d5,5,win1,13,13,1.0,1.0
d5,5,block,13,13,1.0,1.0
d5,5,win2,13,13,1.0,1.0
d5,5,win3,13,13,1.0,1.0
d5,5,all,52,52,1.0,1.0
d6,6,win1,13,13,1.0,1.0
d6,6,block,13,13,1.0,1.0
d6,6,win2,13,13,1.0,1.0
d6,6,win3,13,13,1.0,1.0
d6,6,all,52,52,1.0,1.0
d7,7,win1,13,13,1.0,1.0
d7,7,block,13,13,1.0,1.0
d7,7,win2,13,13,1.0,1.0
d7,7,win3,13,13,1.0,1.0
d7,7,all,52,52,1.0,1.0
d8,8,win1,13,13,1.0,1.0
d8,8,block,13,13,1.0,1.0
d8,8,win2,13,13,1.0,1.0
d8,8,win3,13,13,1.0,1.0
d8,8,all,52,52,1.0,1.0
L1,1,win1,13,8.12,0.6245,
L1,1,block,13,5.74,0.4415,
L1,1,win2,13,6.61,0.5084,
L1,1,win3,13,5.47,0.4212,
L1,1,all,52,25.94,0.4989,
L2,1,win1,13,11.05,0.8498,
L2,1,block,13,7.7,0.592,
L2,1,win2,13,8.64,0.6649,
L2,1,win3,13,6.99,0.5377,
L2,1,all,52,34.38,0.6611,
L3,2,win1,13,12.02,0.9249,
L3,2,block,13,11.95,0.9191,
L3,2,win2,13,5.72,0.4401,
L3,2,win3,13,7.5,0.5765,
L3,2,all,52,37.19,0.7152,
