id,category,ply,depth,chosen,solved,still_winning,nodes,ms
win1_01,win1,22,1,5,1,1,1,0.173
win1_01,win1,22,2,5,1,1,1,0.024
win1_01,win1,22,3,5,1,1,1,0.012
win1_01,win1,22,4,5,1,1,1,0.011
win1_01,win1,22,5,5,1,1,1,0.01
win1_01,win1,22,6,5,1,1,1,0.021
win1_01,win1,22,7,5,1,1,1,0.016
win1_01,win1,22,8,5,1,1,1,0.009
win1_02,win1,24,1,2,1,1,1,0.048
win1_02,win1,24,2,2,1,1,1,0.01
win1_02,win1,24,3,2,1,1,1,0.009
win1_02,win1,24,4,2,1,1,1,0.01
win1_02,win1,24,5,2,1,1,1,0.009
win1_02,win1,24,6,2,1,1,1,0.009
win1_02,win1,24,7,2,1,1,1,0.017
win1_02,win1,24,8,2,1,1,1,0.133
win1_03,win1,29,1,2,1,1,1,0.019
win1_03,win1,29,2,2,1,1,1,0.012
win1_03,win1,29,3,2,1,1,1,0.012
win1_03,win1,29,4,2,1,1,1,0.011
win1_03,win1,29,5,2,1,1,1,0.053
win1_03,win1,29,6,2,1,1,1,0.014
win1_03,win1,29,7,2,1,1,1,0.012
win1_03,win1,29,8,2,1,1,1,0.013
win1_04,win1,18,1,6,1,1,1,0.017
win1_04,win1,18,2,6,1,1,1,0.016
win1_04,win1,18,3,6,1,1,1,0.011
win1_04,win1,18,4,6,1,1,1,0.01
win1_04,win1,18,5,6,1,1,1,0.011
win1_04,win1,18,6,6,1,1,1,0.055
win1_04,win1,18,7,6,1,1,1,0.013
win1_04,win1,18,8,6,1,1,1,0.011
win1_05,win1,14,1,1,1,1,1,0.012
win1_05,win1,14,2,1,1,1,1,0.01
win1_05,win1,14,3,1,1,1,1,0.009
win1_05,win1,14,4,1,1,1,1,0.009
win1_05,win1,14,5,1,1,1,1,0.009
win1_05,win1,14,6,1,1,1,1,0.02
win1_05,win1,14,7,1,1,1,1,0.008
win1_05,win1,14,8,1,1,1,1,0.009
win1_06,win1,26,1,2,1,1,1,0.01
win1_06,win1,26,2,2,1,1,1,0.01
win1_06,win1,26,3,2,1,1,1,0.009
win1_06,win1,26,4,2,1,1,1,0.009
win1_06,win1,26,5,2,1,1,1,0.01
win1_06,win1,26,6,2,1,1,1,0.009
win1_06,win1,26,7,2,1,1,1,0.009
win1_06,win1,26,8,2,1,1,1,0.01
win1_07,win1,16,1,0,1,1,1,0.013
win1_07,win1,16,2,0,1,1,1,0.011
win1_07,win1,16,3,0,1,1,1,0.009
win1_07,win1,16,4,0,1,1,1,0.009
win1_07,win1,16,5,0,1,1,1,0.011
win1_07,win1,16,6,0,1,1,1,0.011
win1_07,win1,16,7,0,1,1,1,0.009
win1_07,win1,16,8,0,1,1,1,0.009
win1_08,win1,23,1,5,1,1,1,0.01
win1_08,win1,23,2,5,1,1,1,0.011
win1_08,win1,23,3,5,1,1,1,0.009
win1_08,win1,23,4,5,1,1,1,0.009
win1_08,win1,23,5,5,1,1,1,0.009
win1_08,win1,23,6,5,1,1,1,0.009
win1_08,win1,23,7,5,1,1,1,0.009
win1_08,win1,23,8,5,1,1,1,0.009
win1_09,win1,23,1,4,1,1,1,0.009
win1_09,win1,23,2,4,1,1,1,0.009
win1_09,win1,23,3,4,1,1,1,0.009
win1_09,win1,23,4,4,1,1,1,0.009
win1_09,win1,23,5,4,1,1,1,0.009
win1_09,win1,23,6,4,1,1,1,0.009
win1_09,win1,23,7,4,1,1,1,0.009
win1_09,win1,23,8,4,1,1,1,0.009
win1_10,win1,20,1,5,1,1,1,0.009
win1_10,win1,20,2,5,1,1,1,0.009
win1_10,win1,20,3,5,1,1,1,0.009
win1_10,win1,20,4,5,1,1,1,0.01
win1_10,win1,20,5,5,1,1,1,0.011
win1_10,win1,20,6,5,1,1,1,0.01
win1_10,win1,20,7,5,1,1,1,0.009
win1_10,win1,20,8,5,1,1,1,0.009
win1_11,win1,19,1,4,1,1,1,0.01
win1_11,win1,19,2,4,1,1,1,0.01
win1_11,win1,19,3,4,1,1,1,0.009
win1_11,win1,19,4,4,1,1,1,0.009
win1_11,win1,19,5,4,1,1,1,0.009
win1_11,win1,19,6,4,1,1,1,0.009
win1_11,win1,19,7,4,1,1,1,0.009
win1_11,win1,19,8,4,1,1,1,0.009
win1_12,win1,34,1,3,1,1,1,0.01
win1_12,win1,34,2,3,1,1,1,0.01
win1_12,win1,34,3,3,1,1,1,0.009
win1_12,win1,34,4,3,1,1,1,0.009
win1_12,win1,34,5,3,1,1,1,0.009
win1_12,win1,34,6,3,1,1,1,0.009
win1_12,win1,34,7,3,1,1,1,0.009
win1_12,win1,34,8,3,1,1,1,0.009
win1_13,win1,27,1,2,1,1,1,0.01
win1_13,win1,27,2,2,1,1,1,0.009
win1_13,win1,27,3,2,1,1,1,0.01
win1_13,win1,27,4,2,1,1,1,0.01
win1_13,win1,27,5,2,1,1,1,0.009
win1_13,win1,27,6,2,1,1,1,0.016
win1_13,win1,27,7,2,1,1,1,0.009
win1_13,win1,27,8,2,1,1,1,0.011
block_01,block,20,1,2,1,1,6,0.323
block_01,block,20,2,2,1,1,13,2.235
block_01,block,20,3,2,1,1,33,1.282
block_01,block,20,4,2,1,1,89,0.879
block_01,block,20,5,2,1,1,147,4.336
block_01,block,20,6,2,1,1,200,9.005
block_01,block,20,7,2,1,1,315,2.977
block_01,block,20,8,2,1,1,450,4.678
block_02,block,14,1,3,0,0,8,0.09
block_02,block,14,2,2,1,1,17,0.159
block_02,block,14,3,2,1,1,39,0.409
block_02,block,14,4,2,1,1,104,0.967
block_02,block,14,5,2,1,1,146,1.654
block_02,block,14,6,2,1,1,253,4.188
block_02,block,14,7,2,1,1,435,4.704
block_02,block,14,8,2,1,1,922,10.507
block_03,block,15,1,2,0,0,7,0.079
block_03,block,15,2,0,1,1,15,0.151
block_03,block,15,3,0,1,1,38,0.343
block_03,block,15,4,0,1,1,80,0.756
block_03,block,15,5,0,1,1,136,1.371
block_03,block,15,6,0,1,1,279,2.845
block_03,block,15,7,0,1,1,664,6.567
block_03,block,15,8,0,1,1,1444,14.14
block_04,block,22,1,5,1,1,6,0.104
block_04,block,22,2,5,1,1,13,0.126
block_04,block,22,3,5,1,1,33,0.299
block_04,block,22,4,5,1,1,104,0.894
block_04,block,22,5,5,1,1,182,1.58
block_04,block,22,6,5,1,1,452,3.878
block_04,block,22,7,5,1,1,959,9.183
block_04,block,22,8,5,1,1,1527,13.051
block_05,block,19,1,2,1,1,7,0.086
block_05,block,19,2,2,1,1,15,0.189
block_05,block,19,3,2,1,1,24,0.222
block_05,block,19,4,2,1,1,44,0.389
block_05,block,19,5,2,1,1,80,0.829
block_05,block,19,6,2,1,1,80,1.14
block_05,block,19,7,2,1,1,80,2.167
block_05,block,19,8,2,1,1,80,1.038
block_06,block,18,1,2,0,0,7,0.076
block_06,block,18,2,5,1,1,15,0.151
block_06,block,18,3,5,1,1,24,0.264
block_06,block,18,4,5,1,1,42,0.461
block_06,block,18,5,5,1,1,97,0.892
block_06,block,18,6,5,1,1,170,1.576
block_06,block,18,7,5,1,1,335,3.314
block_06,block,18,8,5,1,1,582,7.953
block_07,block,21,1,4,1,1,6,0.066
block_07,block,21,2,4,1,1,13,0.171
block_07,block,21,3,4,1,1,21,0.191
block_07,block,21,4,4,1,1,29,0.25
block_07,block,21,5,4,1,1,42,0.388
block_07,block,21,6,4,1,1,74,0.651
block_07,block,21,7,4,1,1,101,0.875
block_07,block,21,8,4,1,1,168,1.491
block_08,block,14,1,1,1,1,8,0.084
block_08,block,14,2,1,1,1,17,0.246
block_08,block,14,3,1,1,1,39,0.547
block_08,block,14,4,1,1,1,104,1.026
block_08,block,14,5,1,1,1,212,1.835
block_08,block,14,6,1,1,1,639,6.594
block_08,block,14,7,1,1,1,1223,12.087
block_08,block,14,8,1,1,1,2878,29.35
block_09,block,16,1,1,0,0,8,0.156
block_09,block,16,2,6,1,1,17,0.166
block_09,block,16,3,6,1,1,40,0.702
block_09,block,16,4,6,1,1,108,1.61
block_09,block,16,5,6,1,1,206,7.364
block_09,block,16,6,6,1,1,660,10.504
block_09,block,16,7,6,1,1,1027,9.73
block_09,block,16,8,6,1,1,1943,27.999
block_10,block,34,1,5,1,1,5,0.089
block_10,block,34,2,5,1,1,11,0.092
block_10,block,34,3,5,1,1,27,0.253
block_10,block,34,4,5,1,1,52,0.503
block_10,block,34,5,5,1,1,92,0.65
block_10,block,34,6,5,1,1,145,0.979
block_10,block,34,7,5,1,1,202,1.444
block_10,block,34,8,5,1,1,266,3.735
block_11,block,25,1,1,1,1,6,0.114
block_11,block,25,2,1,1,1,13,0.13
block_11,block,25,3,1,1,1,21,0.196
block_11,block,25,4,1,1,1,42,0.605
block_11,block,25,5,1,1,1,99,1.213
block_11,block,25,6,1,1,1,187,2.504
block_11,block,25,7,1,1,1,458,6.021
block_11,block,25,8,1,1,1,730,14.799
block_12,block,29,1,1,1,1,4,0.079
block_12,block,29,2,1,1,1,9,0.138
block_12,block,29,3,1,1,1,15,0.214
block_12,block,29,4,1,1,1,30,0.446
block_12,block,29,5,1,1,1,44,0.569
block_12,block,29,6,1,1,1,44,0.542
block_12,block,29,7,1,1,1,44,0.615
block_12,block,29,8,1,1,1,44,0.615
block_13,block,23,1,1,1,1,7,0.108
block_13,block,23,2,1,1,1,15,0.206
block_13,block,23,3,1,1,1,23,0.319
block_13,block,23,4,1,1,1,44,0.857
block_13,block,23,5,1,1,1,86,1.67
block_13,block,23,6,1,1,1,194,3.372
block_13,block,23,7,1,1,1,380,5.479
block_13,block,23,8,1,1,1,749,10.307
win2_01,win2,17,1,4,1,1,6,0.119
win2_01,win2,17,2,4,1,1,21,0.315
win2_01,win2,17,3,4,1,1,51,0.821
win2_01,win2,17,4,4,1,1,51,0.848
win2_01,win2,17,5,4,1,1,51,1.08
win2_01,win2,17,6,4,1,1,51,0.933
win2_01,win2,17,7,4,1,1,51,0.738
win2_01,win2,17,8,4,1,1,51,0.786
win2_02,win2,27,1,2,1,1,5,0.097
win2_02,win2,27,2,6,0,1,20,0.313
win2_02,win2,27,3,2,1,1,36,2.866
win2_02,win2,27,4,2,1,1,36,1.925
win2_02,win2,27,5,2,1,1,36,0.461
win2_02,win2,27,6,2,1,1,36,0.531
win2_02,win2,27,7,2,1,1,36,0.575
win2_02,win2,27,8,2,1,1,36,1.015
win2_03,win2,16,1,3,1,1,8,0.249
win2_03,win2,16,2,3,1,1,29,0.476
win2_03,win2,16,3,3,1,1,77,1.293
win2_03,win2,16,4,3,1,1,77,1.198
win2_03,win2,16,5,3,1,1,77,1.313
win2_03,win2,16,6,3,1,1,77,1.269
win2_03,win2,16,7,3,1,1,77,0.928
win2_03,win2,16,8,3,1,1,77,1.138
win2_04,win2,21,1,4,1,1,7,0.111
win2_04,win2,21,2,4,1,1,25,0.412
win2_04,win2,21,3,4,1,1,59,0.903
win2_04,win2,21,4,4,1,1,59,0.976
win2_04,win2,21,5,4,1,1,59,0.97
win2_04,win2,21,6,4,1,1,59,0.648
win2_04,win2,21,7,4,1,1,59,0.723
win2_04,win2,21,8,4,1,1,59,0.921
win2_05,win2,22,1,3,1,1,8,0.113
win2_05,win2,22,2,6,0,1,40,0.565
win2_05,win2,22,3,3,1,1,87,1.324
win2_05,win2,22,4,3,1,1,87,1.296
win2_05,win2,22,5,3,1,1,87,5.425
win2_05,win2,22,6,3,1,1,87,0.8
win2_05,win2,22,7,3,1,1,87,0.868
win2_05,win2,22,8,3,1,1,87,0.928
win2_06,win2,23,1,1,1,1,7,0.076
win2_06,win2,23,2,4,0,1,27,0.296
win2_06,win2,23,3,1,1,1,63,0.591
win2_06,win2,23,4,1,1,1,63,0.635
win2_06,win2,23,5,1,1,1,63,0.643
win2_06,win2,23,6,1,1,1,63,0.937
win2_06,win2,23,7,1,1,1,63,0.557
win2_06,win2,23,8,1,1,1,63,0.922
win2_07,win2,19,1,4,1,1,8,0.078
win2_07,win2,19,2,4,1,1,31,0.281
win2_07,win2,19,3,2,1,1,77,0.709
win2_07,win2,19,4,2,1,1,77,4.204
win2_07,win2,19,5,2,1,1,77,0.76
win2_07,win2,19,6,2,1,1,77,0.855
win2_07,win2,19,7,2,1,1,77,0.793
win2_07,win2,19,8,2,1,1,77,0.811
win2_08,win2,33,1,5,1,1,5,0.05
win2_08,win2,33,2,6,0,0,21,0.302
win2_08,win2,33,3,5,1,1,40,0.302
win2_08,win2,33,4,5,1,1,40,0.46
win2_08,win2,33,5,5,1,1,40,0.37
win2_08,win2,33,6,5,1,1,40,0.29
win2_08,win2,33,7,5,1,1,40,0.482
win2_08,win2,33,8,5,1,1,40,0.28
win2_09,win2,26,1,1,1,1,4,0.071
win2_09,win2,26,2,1,1,1,11,0.143
win2_09,win2,26,3,1,1,1,18,0.275
win2_09,win2,26,4,1,1,1,18,0.16
win2_09,win2,26,5,1,1,1,18,0.155
win2_09,win2,26,6,1,1,1,18,0.258
win2_09,win2,26,7,1,1,1,18,0.154
win2_09,win2,26,8,1,1,1,18,0.192
win2_10,win2,18,1,4,1,1,8,0.133
win2_10,win2,18,2,4,1,1,29,0.258
win2_10,win2,18,3,4,1,1,75,2.988
win2_10,win2,18,4,4,1,1,75,2.209
win2_10,win2,18,5,4,1,1,75,0.779
win2_10,win2,18,6,4,1,1,75,1.421
win2_10,win2,18,7,4,1,1,75,1.131
win2_10,win2,18,8,4,1,1,75,1.071
win2_11,win2,19,1,5,0,0,6,0.078
win2_11,win2,19,2,5,0,0,21,0.216
win2_11,win2,19,3,6,1,1,44,0.416
win2_11,win2,19,4,6,1,1,44,0.531
win2_11,win2,19,5,6,1,1,44,0.405
win2_11,win2,19,6,6,1,1,44,0.601
win2_11,win2,19,7,6,1,1,44,0.389
win2_11,win2,19,8,6,1,1,44,0.387
win2_12,win2,22,1,4,0,1,6,0.063
win2_12,win2,22,2,4,0,1,21,0.197
win2_12,win2,22,3,1,1,1,56,0.543
win2_12,win2,22,4,1,1,1,56,0.55
win2_12,win2,22,5,1,1,1,56,4.551
win2_12,win2,22,6,1,1,1,56,0.607
win2_12,win2,22,7,1,1,1,56,0.664
win2_12,win2,22,8,1,1,1,56,0.529
win2_13,win2,15,1,1,0,1,8,0.082
win2_13,win2,15,2,1,0,1,27,0.299
win2_13,win2,15,3,2,1,1,66,0.587
win2_13,win2,15,4,2,1,1,66,0.62
win2_13,win2,15,5,2,1,1,66,0.661
win2_13,win2,15,6,2,1,1,66,0.63
win2_13,win2,15,7,2,1,1,66,0.58
win2_13,win2,15,8,2,1,1,66,0.617
win3_01,win3,17,1,4,1,1,7,0.099
win3_01,win3,17,2,4,1,1,26,0.233
win3_01,win3,17,3,5,1,1,89,0.814
win3_01,win3,17,4,5,1,1,166,1.438
win3_01,win3,17,5,4,1,1,435,4.488
win3_01,win3,17,6,4,1,1,435,4.57
win3_01,win3,17,7,4,1,1,435,4.524
win3_01,win3,17,8,4,1,1,435,9.566
win3_02,win3,20,1,3,0,0,8,0.195
win3_02,win3,20,2,1,1,1,46,0.668
win3_02,win3,20,3,3,0,0,118,1.598
win3_02,win3,20,4,1,1,1,374,3.595
win3_02,win3,20,5,1,1,1,729,7.746
win3_02,win3,20,6,1,1,1,729,6.737
win3_02,win3,20,7,1,1,1,729,6.992
win3_02,win3,20,8,1,1,1,729,7.761
win3_03,win3,18,1,2,0,0,8,0.086
win3_03,win3,18,2,4,1,1,35,0.315
win3_03,win3,18,3,4,1,1,97,0.915
win3_03,win3,18,4,4,1,1,140,1.478
win3_03,win3,18,5,4,1,1,233,4.852
win3_03,win3,18,6,4,1,1,233,6.684
win3_03,win3,18,7,4,1,1,233,2.29
win3_03,win3,18,8,4,1,1,233,3.37
win3_04,win3,15,1,4,1,1,7,0.076
win3_04,win3,15,2,5,0,1,38,0.529
win3_04,win3,15,3,1,0,1,123,1.091
win3_04,win3,15,4,4,1,1,278,2.737
win3_04,win3,15,5,4,1,1,551,5.494
win3_04,win3,15,6,4,1,1,551,4.881
win3_04,win3,15,7,4,1,1,551,5.062
win3_04,win3,15,8,4,1,1,551,4.907
win3_05,win3,18,1,0,1,1,6,0.099
win3_05,win3,18,2,0,1,1,21,0.191
win3_05,win3,18,3,0,1,1,82,0.746
win3_05,win3,18,4,0,1,1,193,1.912
win3_05,win3,18,5,0,1,1,397,7.547
win3_05,win3,18,6,0,1,1,397,4.558
win3_05,win3,18,7,0,1,1,397,4.057
win3_05,win3,18,8,0,1,1,397,7.374
win3_06,win3,34,1,6,1,1,4,0.047
win3_06,win3,34,2,6,1,1,10,0.116
win3_06,win3,34,3,6,1,1,22,0.225
win3_06,win3,34,4,6,1,1,31,0.605
win3_06,win3,34,5,0,1,1,40,0.821
win3_06,win3,34,6,0,1,1,40,0.721
win3_06,win3,34,7,0,1,1,40,0.699
win3_06,win3,34,8,0,1,1,40,0.659
win3_07,win3,24,1,2,1,1,7,0.085
win3_07,win3,24,2,2,1,1,25,0.248
win3_07,win3,24,3,2,1,1,72,0.746
win3_07,win3,24,4,2,1,1,170,3.106
win3_07,win3,24,5,2,1,1,331,3.497
win3_07,win3,24,6,2,1,1,331,6.007
win3_07,win3,24,7,2,1,1,331,3.071
win3_07,win3,24,8,2,1,1,331,3.008
win3_08,win3,18,1,1,0,1,8,0.211
win3_08,win3,18,2,3,0,1,34,0.385
win3_08,win3,18,3,3,0,1,120,2.157
win3_08,win3,18,4,3,0,1,345,3.307
win3_08,win3,18,5,0,1,1,938,17.813
win3_08,win3,18,6,0,1,1,938,8.813
win3_08,win3,18,7,0,1,1,938,8.816
win3_08,win3,18,8,0,1,1,938,14.163
win3_09,win3,18,1,2,1,1,8,0.099
win3_09,win3,18,2,4,0,0,40,1.065
win3_09,win3,18,3,2,1,1,119,1.059
win3_09,win3,18,4,4,0,0,432,3.732
win3_09,win3,18,5,2,1,1,884,7.844
win3_09,win3,18,6,2,1,1,884,9.341
win3_09,win3,18,7,2,1,1,884,7.564
win3_09,win3,18,8,2,1,1,884,7.401
win3_10,win3,16,1,5,0,1,7,0.079
win3_10,win3,16,2,2,0,1,29,0.304
win3_10,win3,16,3,2,0,1,88,0.753
win3_10,win3,16,4,2,0,1,214,1.803
win3_10,win3,16,5,4,1,1,542,4.664
win3_10,win3,16,6,4,1,1,542,5.182
win3_10,win3,16,7,4,1,1,542,4.816
win3_10,win3,16,8,4,1,1,542,7.036
win3_11,win3,26,1,0,1,1,5,0.066
win3_11,win3,26,2,0,1,1,17,0.156
win3_11,win3,26,3,0,1,1,45,0.347
win3_11,win3,26,4,0,1,1,91,0.72
win3_11,win3,26,5,0,1,1,160,1.242
win3_11,win3,26,6,0,1,1,160,1.269
win3_11,win3,26,7,0,1,1,160,1.219
win3_11,win3,26,8,0,1,1,160,1.268
win3_12,win3,15,1,4,1,1,8,0.087
win3_12,win3,15,2,4,1,1,31,0.276
win3_12,win3,15,3,4,1,1,93,0.834
win3_12,win3,15,4,4,1,1,217,2.267
win3_12,win3,15,5,4,1,1,534,5.818
win3_12,win3,15,6,4,1,1,534,5.001
win3_12,win3,15,7,4,1,1,534,5.104
win3_12,win3,15,8,4,1,1,534,5.154
win3_13,win3,15,1,1,0,1,8,0.096
win3_13,win3,15,2,1,0,1,35,0.316
win3_13,win3,15,3,3,0,1,147,1.358
win3_13,win3,15,4,3,0,1,310,2.73
win3_13,win3,15,5,0,1,1,823,7.611
win3_13,win3,15,6,0,1,1,823,8.327
win3_13,win3,15,7,0,1,1,823,7.488
win3_13,win3,15,8,0,1,1,823,7.523
